"List_Name","Intersection","Genes","Num_Genes"
"list_larvae_pval_CLN4_NTC_UP","Larvae_CLN3_Lux1_wt","tloc1, zgc:101719, wu:fb96b08, PTBP2, zgc:77127, VPS26A, SUSD5, fb39b02, zgc:76940, CBX1, NXF3, SWT1, wu:fb69g03, otr, hmgn1a, CPVL, RNMT, ATP8B3, SLC25A47, kny, SLC25A51, si:ch211-110p13.1, NUP88, zgc:66488, MTDH, PTMA, MT-ND2, GTPBP1, zgc:153231, CLIC4, ANKRD24, TMC4, fhdc3, fc02d01, diras1, EXOSC1, si:ch211-170h2.4, MTA1, zgc:77429, fb74a08, wu:fj10g10, ch:af064832, LOC101882067, LOC103910729, FXYD6P3, itm1, gorasp1, MARCKSL1, zgc:110237, PPP2R1B, SDHAF3, OSBPL8, NDRG4, tpm1.3, wu:fj36c01, OPN1LW, cul9, MIP, ITGA5, STT3B, crp, wu:fb26a05, cvl2, si:dkey-47k20.8.1, zgc:92053, FOXRED1, NUCKS1, EIF4B, INPP5D, UPF3A, ALDH9A1, si:dkey-1f1.2, CPNE4, slc25a3.1, wu:fk53a11, NAALAD2, EIF5A, FRAS1, UTP20, QRFPR, cryba1l, zgc:136570, EP400, PSD3, LOC101882400, ROBO1, RGR, tpm4.1, FEN1, PPP2R1B, FBXO2, HTT, RAB26, MBD3, TPM1, zgc:100801, SLC25A3, STRA6, zgc:110608, EIF4B, TPM3, tpm2.1, sb:cb385, UBA2, zgc:109979, MT-ND5, cb674.2, OPN1LW, MYL2, CPNE4, ncbp1, PUM1, LOC108182767, ns:zf-e250, CHCHD6, ces2, zgc:103768, cb674.1, CORO6, MRPL10, RPS7, zgc:103551, NUP62, PTMA, tpm1.8, zmp:0000000846.1, nadl1.1, snrpfl, si:ch211-237l4.2, si:dkey-98f17.5, zgc:92116, soga3b, si:dkey-202g17.3, PARP2, zgc:77799, SRPRA, DOCK7, zgc:103443, im:7045267, KERA, zgc:92720, zgc:101613, tpm1.7, zgc:85935, ZMYND8, MYNN, TRIO, tpm2.2, PIP4K2C, OPN1SW, zgc:103663, SLC25A3, si:dkey-23a13.21, ZCCHC13, COL1A1, tpm4.2, TPM2, ENPP1, LOC110438752, tpm1.10, si:dkey-234n3.1, zgc:101559, tpm1.4, BTF3L4, H3C6, zgc:162825, SCG2, CCDC88A, H3-3A, wu:fb40a03, CRYGA, TPM2, si:dkey-245n4.2, TPM4, YWHAH, RPL23A, CAPRIN1, TPM4, im:7140733, tpm1.5, zgc:73373, atp5f1, zgc:86655, zgc:123327, MFHAS1, zK13A21.2, LOC110439404, ZZEF1, LBR, zgc:153863, LOC108183295, SKP1, NLGN1, LOC108183495, CDH4, TNMD, SRPX, RPL22, tjp1b.1, LOC559196, crybb1l1, HHATL, DPYSL2, ATP1B3, MAB21L1, GNGT2, zgc:63734, zgc:153192, TOM70, CPLX4, SLC25A24, NLRP1, wu:fb17a03, kcnk12l, NLGN3, VWA2, wu:fa28b06, ROBO3, RLBP1, INPP5K, zgc:109968, rtn2, RAB1B, CALN1, HBG2, fa08f12, LGALS2, SARAF, zgc:63718, zgc:77592, TMEM38A, anx6, tpm3.2, anx2a, EWSR1, wu:fb20a07, SNAP91, tpm1.2, ANX V, si:ch211-222l21.1, wu:fa93f05, zgc:55622.1, zgc:65861, tpm3.1, WDR82, MADD, si:dkey-237g15.4, TPM3, LOC566194, zgc:110460, si:ch211-107p11.3, wu:fi39b12, TPM1-1.2, TPM1, HKDC1, APOA4, im:6899248, wu:fb70e09, id:ibd1241, TPM1, si:ch211-127h20.1, RPS8, CAPRIN1, SI, si:ch211-215a10.5, PRPH2, WNT5A, CH73-211A15.2, THBS4, EMC3, tmp4, PRRC2B, zgc:92706, zgc:66078, RPS21, HNRNPA1, TXNL1, cpt1ab.1, wu:fd99b01, ADAM12, ap2a1.2, x, si:dkey-1k23.3, CCDC177, wu:fb39a11, RAB35, NDUFA4, cb836.1, zgc:113144, zgc:112138, SRSF3, zgc:86898, cb213.1, crygnb, efemp2, AGRN, zgc:158138, SRSF6, itgb1.1, a2ml.1",300
"list_larvae_pval_CLN4_NTC_UP","Larvae_CLN3_Lux2_wt","RPTP[a], zgc:77725, JMJD8, TFRC, TMC4, si:ch211-170h2.4, SLC1A3, SLC1A3, zgc:92347, CPT1B, cb348, SDHAF3, MYOZ1, PPP2R5C, SET, im:6903440, THOC1, EZR, UPF3A, zgc:153192, si:dkey-97k23.2, NRCAM, cul9, zgc:66168, MAU2, UBC, RABGEF1, zgc:56097, FREM2, zgc:63662, CAMLG, KCNJ13, ARL6IP1, PTPRG, EMC3, CORO1C, zgc:163093, sept5a, SNRPA, crp, DDX4, CAPNS1, si:dkey-21n12.2, CPNE4, ap2a1.2, zgc:92209, eef1da.1, DLC1, si:dkeyp-92c9.4, si:ch211-212k18.4, PIP4K2C, zgc:111945, zgc:55648, zgc:86655",54
"list_larvae_pval_CLN4_NTC_UP","Larvae_CLN12_wt","LOC101885844, zgc:92243, zgc:92053, WDR26, wu:fj62a01, wu:fj60e01, wu:fa01e01, im:7150907, zgc:63525, CYP27B1, ZMYND11, LYAR, CLDND1, RBM39, zgc:55492, PIP4K2C, zgc:77820, HNRNPC, si:dkey-23f9.3, CLP1, im:6905414, wu:fc38g05, KLHL30, im:6971267, id:ibd5050, GTPBP3, zgc:110112, zgc:110815, zgc:92901, SF3B6, GID8, NIBAN2, ARPC4, zgc:101719, RAB27B, YWHAZ, im:7136651, MT-ND4, zgc:153247, ATL1, SLC25A33, si:dkey-183j2.10, PDCL3, RAP1GDS1, wu:fb38c07, hspa4, MYO1E, LIIIa, zgc:55840, wu:fc06e01, CKB, zgc:77326, wu:fc15g12, zgc:85963, PRMT1, EMC1, PSMA6, ARL15, SLC25A1, Nav1.4b, CFL2, RPA1, im:6908825, MOGS, taf15.1, TRIO, SH3GL2, SLC2A1, atp5i, snrpfl, NIPSNAP2, SELENOF, BFSP1, ncam1a.1, fc74e05, RPL30, GALNT8, wu:fa98f07, zgc:112199, BAZ1B, TMEM160, GRIA1, PSAP, wu:fb18b07, BIGH3, COX7A2, TLK1, MBD3, UBR5, SIN3A, CHD7, PRRC2C, PTPN9, NXF3, zgc:123327, NDUFS4, zgc:103663, ADSL, ZNF576, SGCA, MAN1A2, PZP, CAST, SLC15A1, si:ch211-246f9.1, RAD21, DNAJC5, SART3, dnl2, TLE3, wu:fi04h11, zgc:136869, LOC100537361, H1-1, tpm1.7, LOC110439183, cb572, DNAJC5, NLGN2, tpm1.6, zgc:162271, DSC2, GSK3B, TPM1, LGALS2, zgc:86632, NAT1A, si:dkey-217k21.3, ano5a.1, USP7, rtn4.1, fk35b03, tpm1.3, SYP, si:dz150f13.2, db03h10, kif1b.1, TPM4, RTN4, skiv2l2, zgc:92850, CKB, NDUFV3, zgc:110617, CALR, KIDINS220, TPM1-1.1, wu:fc19f05, LUM, EEF1G, LOC569982, aldh2a, NAA50, zgc:63662, GCA, DPYSL2, zgc:77760, CTNNB1, MYO1B, gna11",160
"list_larvae_pval_CLN4_NTC_UP","CLN4_L115_NTC","FHIP1B, NDUFB9, ITPA, TMEM67, KPNA4, LTBP2, FAM234B, COQ9, PSMC4, HDAC4, STUB1, SLC24A2, VBP1, BNIPL, ARL8A, COMMD9, FAM171A2, GAPDHS, SLC4A10, ZBTB39, MAP7D1, NDUFA9, DNA2, RTN4, CTNNA2, DST, DYNLL2, MATK, SCP2, CCDC30, SNX2, USO1, GLUD1, MYH10, RUFY3, HNRNPAB, MMRN1, RIDA, TECPR1, CAST, DNAJC28, PEA15, CCDC163, RTN1, DYNLL1, ACTR1B, MYH9, NCDN, CADM3, HSPA5",50
"list_larvae_pval_CLN4_NTC_UP","CLN4_L116_NTC","FHIP1B, NDUFB9, ALG2, LTBP2, ARL8A, GABRB2, GOLPH3, PCBD1, KIAA0513, TTC1, BNIPL, ZMPSTE24, RPS5, ZBTB39, FAM171A2, GANAB, GNG5, ITGAV, MAP7D1, SYNJ2, STMN1, PSIP1, GPD1, CNDP2, CLIP2, USO1, DDX3X, SNAP25, MMRN1, PPIA, DYNLL2, GLS, ATP2B3, NCAN, CCDC30, KMT2A, GPM6B, GLUL, MYH14, CLTB, SPTAN1, TMC7, EIF4B, RPS15A, ATP2B2, DST, IDH3A, CCDC163, ESPN, UQCRFS1",50
"list_larvae_pval_CLN4_NTC_UP","Larvae_CLN3_Lux1_wt_AND_Larvae_CLN3_Lux2_wt","TMC4, si:ch211-170h2.4, SDHAF3, cul9, crp, UPF3A, CPNE4, PIP4K2C, zgc:86655, zgc:153192, EMC3, ap2a1.2",12
"list_larvae_pval_CLN4_NTC_UP","Larvae_CLN3_Lux1_wt_AND_Larvae_CLN12_wt","zgc:101719, NXF3, tpm1.3, zgc:92053, MBD3, TPM1, snrpfl, tpm1.7, TRIO, PIP4K2C, zgc:103663, TPM4, zgc:123327, DPYSL2, LGALS2",15
"list_larvae_pval_CLN4_NTC_UP","Larvae_CLN3_Lux1_wt_AND_CLN4_L115_NTC","",0
"list_larvae_pval_CLN4_NTC_UP","Larvae_CLN3_Lux1_wt_AND_CLN4_L116_NTC","EIF4B",1
"list_larvae_pval_CLN4_NTC_UP","Larvae_CLN3_Lux2_wt_AND_Larvae_CLN12_wt","zgc:63662, PIP4K2C",2
"list_larvae_pval_CLN4_NTC_UP","Larvae_CLN3_Lux2_wt_AND_CLN4_L115_NTC","",0
"list_larvae_pval_CLN4_NTC_UP","Larvae_CLN3_Lux2_wt_AND_CLN4_L116_NTC","",0
"list_larvae_pval_CLN4_NTC_UP","Larvae_CLN12_wt_AND_CLN4_L115_NTC","CAST, RTN4",2
"list_larvae_pval_CLN4_NTC_UP","Larvae_CLN12_wt_AND_CLN4_L116_NTC","",0
"list_larvae_pval_CLN4_NTC_UP","CLN4_L115_NTC_AND_CLN4_L116_NTC","FHIP1B, NDUFB9, LTBP2, BNIPL, ARL8A, FAM171A2, ZBTB39, MAP7D1, DST, DYNLL2, CCDC30, USO1, MMRN1, CCDC163",14
"list_larvae_pval_CLN4_NTC_UP","Larvae_CLN3_Lux1_wt_AND_Larvae_CLN3_Lux2_wt_AND_Larvae_CLN12_wt","PIP4K2C",1
"list_larvae_pval_CLN4_NTC_UP","Larvae_CLN3_Lux1_wt_AND_Larvae_CLN3_Lux2_wt_AND_CLN4_L115_NTC","",0
"list_larvae_pval_CLN4_NTC_UP","Larvae_CLN3_Lux1_wt_AND_Larvae_CLN3_Lux2_wt_AND_CLN4_L116_NTC","",0
"list_larvae_pval_CLN4_NTC_UP","Larvae_CLN3_Lux1_wt_AND_Larvae_CLN12_wt_AND_CLN4_L115_NTC","",0
"list_larvae_pval_CLN4_NTC_UP","Larvae_CLN3_Lux1_wt_AND_Larvae_CLN12_wt_AND_CLN4_L116_NTC","",0
"list_larvae_pval_CLN4_NTC_UP","Larvae_CLN3_Lux1_wt_AND_CLN4_L115_NTC_AND_CLN4_L116_NTC","",0
"list_larvae_pval_CLN4_NTC_UP","Larvae_CLN3_Lux2_wt_AND_Larvae_CLN12_wt_AND_CLN4_L115_NTC","",0
"list_larvae_pval_CLN4_NTC_UP","Larvae_CLN3_Lux2_wt_AND_Larvae_CLN12_wt_AND_CLN4_L116_NTC","",0
"list_larvae_pval_CLN4_NTC_UP","Larvae_CLN3_Lux2_wt_AND_CLN4_L115_NTC_AND_CLN4_L116_NTC","",0
"list_larvae_pval_CLN4_NTC_UP","Larvae_CLN12_wt_AND_CLN4_L115_NTC_AND_CLN4_L116_NTC","",0
"list_larvae_pval_CLN4_NTC_UP","Larvae_CLN3_Lux1_wt_AND_Larvae_CLN3_Lux2_wt_AND_Larvae_CLN12_wt_AND_CLN4_L115_NTC","",0
"list_larvae_pval_CLN4_NTC_UP","Larvae_CLN3_Lux1_wt_AND_Larvae_CLN3_Lux2_wt_AND_Larvae_CLN12_wt_AND_CLN4_L116_NTC","",0
"list_larvae_pval_CLN4_NTC_UP","Larvae_CLN3_Lux1_wt_AND_Larvae_CLN3_Lux2_wt_AND_CLN4_L115_NTC_AND_CLN4_L116_NTC","",0
"list_larvae_pval_CLN4_NTC_UP","Larvae_CLN3_Lux1_wt_AND_Larvae_CLN12_wt_AND_CLN4_L115_NTC_AND_CLN4_L116_NTC","",0
"list_larvae_pval_CLN4_NTC_UP","Larvae_CLN3_Lux2_wt_AND_Larvae_CLN12_wt_AND_CLN4_L115_NTC_AND_CLN4_L116_NTC","",0
"list_larvae_pval_CLN4_NTC_UP","Larvae_CLN3_Lux1_wt_AND_Larvae_CLN3_Lux2_wt_AND_Larvae_CLN12_wt_AND_CLN4_L115_NTC_AND_CLN4_L116_NTC","",0
"list_larvae_pval_CLN4_NTC_DOWN","Larvae_WT_CLN3_Lux1","DAPK2, TLN1, VDAC3, zgc:110766, RHOG, zgc:136591, TPPP, CAPN5, nsfb.1, OLA1, NBEA, SQSTM1, SNAP25, im:7159005, nap1l1.1, PTPRS, TKT, ddx3a.1, HNRNPL, PTK7, ATP6V0D1, si:dkey-46a12.1, MAPRE2, SEC23B, CTTNBP2, hnrnpl.1, KIF5B, zgc:112145, wu:fc12b01.1, wu:fc05g05, zgc:77130, im:7151680, TLK1, GGCX, ptprfa.1, AP1G1, HCCS, im:7145131, db03h10, THAP12, PSMC4, rbm4l, IGF1R, slc27a1, zgc:73056, wu:fc27c10, chunp6878, COL2A1, ppa1, zgc:66163, MT-CO1, NT5C1B, tbl1xr1, fbln1c, zgc:123028, ADD1, MRC2, dlg3.1, WASF1, CAMSAP1, CLSTN1, WNT3, si:ch211-142b24.6, ARR3, si:ch211-197g15.1, ano10, TNNC1, PAM, CELA1, NLRP12, zgc:92191, LOC103910577, si:ch211-214p16.3, SLC16A7, DCTN1, TUBA1C, SCP2D1, SNRPB, zgc:63525, RCE1, GIMAP8, DNAH6, zgc:136645, AFAP1, SCN4B, PRODH, im:7153080, SRP72, zgc:110736, zgc:92922, VPS16, MRI1, wu:fb14b06, zgc:153984, zgc:109973, wu:fi04d10, LOC561361, TNS1, rufy3.1, myom1b.1, ARHGAP4, RPE65, NCAPG2, CACNA2D1, si:ch211-156l18.7.1, zgc:55292, OGT, trdn.3, LOC108183703, PNO1, zgc:152998, RFX5, PTBP3, EMC6, BZW2, UBXN1, SUPT6H, MDH1B, H1-1, im:6788778, GRK7, HGS, ALDH4A1, RHBG, LOC108183841, si:dkey-29p10.4, UTRN, SLC44A1, wu:fj36c03, NMB, EIF3A, GABRB2, LRRC59, zgc:100964, si:dkey-20d21.12, DBN1, zgc:63561, zgc:55435, STAG2, CACNA2D2, si:ch211-250g4.3, GRM4, zgc:63475, syt2a.1, PTPRD, CLVS2, FLT4, zgc:86833, wu:fe48e09, zgc:73336, EVPLL, ACOT1, GATD1, HIP1R, HNRNPU, zgc:112265, crfb14.1, zgc:66054, LOC110437892, zgc:136571, si:dkey-207j16.6, vamp1, TIMM23, sc:d0347, zgc:56141, si:ch211-106h4.6, zgc:77820, cadpsb.2, ADD3, LOC571124, GNB5, si:ch73-386h18.1, si:ch211-220f16.2, si:ch211-243j20.4, USF1, wu:fb60b05, PNPLA7, PDLIM7, zgc:92292, CDC73, cyp2j28, trp2, ARF6, si:ch211-59d15.9, SYNE1, wu:fb38g12, MRPS7, UNC45B, KLHL41, wu:fj37a05, URGCP, zgc:100819, SCARF2, SLC17A7, LOC110440055, si:ch73-299h12.9, es1, rprd1b.1, wu:fd06h11, HSD17B10, PRKAR1B, or111-1, si:dkey-148b12.1, BSN, LOC103910524, TMX2, LOC110439496, zgc:85777, CUL3, LOC108183341, LOC110439248, SGCB, DLK2, LOC103910918, wu:fc92c07, LOC100007492, GIPC1, EEF2K, NRF1, PRSS1, CYC1, SRP54, golph3, si:dkey-12h3.1, ENTPD5, CACNA2D2, zgc:123326, XRCC2, zgc:194297, LOC103909927, fc21c08, CACNA2D1, rabgef1.1, mllt4a, TENM3, COL14A1, snrk1, fc04h11.1, ASPH, TRAPPC8, SCN8A, LDB3, si:rp71-68n21.9, si:rp71-1c10.1, LOC101882570, CHST10, wu:fb38h07, STK3, POU4F3, RAB3GAP1, nfyb, zgc:110188, FBXO40, ESYT2, CCNO, COPS3, znf1137, ddx26b, DOCK1, EPB41L3, zgc:114119, TNS2, si:zc14a17.8, POU5F2, cadpsa.1, hm:zeh0176, THOC5, LOC110437872, SLC4A1, PPM1G, zgc:110843, CYP2J2, RBMS2, SLC5A12, wu:fj36c02, adgre13, NDST1, CELF2, CIZ1",279
"list_larvae_pval_CLN4_NTC_DOWN","Larvae_WT_CLN3_Lux2","YWHAE, zgc:92655, LOC100004582, zgc:92093, ATP6V0D1, COMP, SARS1, ARR3, rpl28l.1, CYC1, arfgef1.1, RYR2, TARBP2, SERBP1, NCAN, CALU, UTRN, camk2b.1, LOC103910577, si:dkey-29p10.4, NLRP12, myo18ab.1, zgc:171842, wu:fc46c10, wu:fb17f11, ACOT1, hras, CACNA2D2, EPB41L3, cadpsb.2, ATP5PF, wu:fc76h06, NEGR1, PPM1G, zgc:110825, RAB43, C1QBP, INPP4A, DCTN1, zgc:77758, STK3, USP9X, si:ch211-250g4.3, SRP72, EZR, LOC100003687, zgc:114119, CHST10, zgc:123266, GSTA1, LRRC59, ACOT1, GNB5, OGDHL, PNPLA7, GRK6, wu:fc27f12, THOC5, POU4F3, HID1, TAF7, RRBP1, DOCK1, fam122b, POU5F2, UNC45B, LOC108183303, RPL28, LOC108183341, NT5C1B, SLC5A12, si:ch211-287b5.1, WDR18, NDST1",74
"list_larvae_pval_CLN4_NTC_DOWN","Larvae_WT_CLN12","zK13A21.2, CAMK2D, wu:fc31f07, LRCH1, si:ch211-106j24.1, zgc:73376, wu:fb01e12, NAP1L1, wu:fb77f12, METAP1, si:dkeyp-113d7.7, TKTL2, fm90e09, ABCC9, SRSF6, PACSIN3, fa18f02, zgc:73153, MYL7, si:dz180g5.3, im:7137110, UTRN, abraxas2b, zgc:73211, zgc:136367, zgc:77715, zgc:171842, zgc:56548, asph.1, zgc:194204, MAOA, wu:fb13h07, LAMB2, RAB2A, GPD2, MRPS7, zgc:66163, zgc:63701, CYC1, ank1b.1, PIGT, zgc:73347, fb19a06, MARK1, crtl1, zgc:101604, RBM12B, im:7139055, HSDL2, zgc:92234, cmlc1.1, ncbp1, ppa1, SPTB, MYH11, CNOT11, mg:ab03a02, UTP4, si:dkey-77n11.3, STMN1, wu:fc47b08, add1.1, mark2a.1, CACNA1S, cyp2j22.1, zgc:110219, CACNB1, si:dkey-175g6.5, PHB2, wu:fu10f07, dctn1a.1, ASB14, slc27a1, zgc:158642, si:ch211-127i16.2, zgc:56568, fb83e03, ATRX, im:7140733, zgc:110227, WASF1, fc50e01, SMARCC2, zgc:100889, SERBP1, TEX264, zgc:66110, RLBP1, wu:fb40d12, BPNT2, pigt.1, MT-ND3, LOC101886030, PNPLA7, POU5F2, AMPH, DCHS1, THBS3, zgc:77556, TARDBP, HSPE1, PRSS1, wu:fc76a05, PUM1, CACNA2D2, SETD3, ETF1, si:dkey-207j16.6, wu:fa97d12, si:ch211-233f16.1.1, HSBP1, SERPINF1, PRKCD, MRPL3, zgc:158677, HNRNPDL, HSD11B1L, zgc:171954, AASS, POR, ank2b.1, LOC103910188, ilf3b.1, MTX3, hmgb2, LOC110437806, wu:fi39b12, PFKP, IGF2BP2, PISD, CACNA2D1, LETMD1, COPS4, MARK4, ACOT9, LOC110438458, POMK, PHGDH, cacna2d2a.1, si:ch211-81a5.7, sept6.1, im:7153900, ALDH4A1, LZTS2, SNX8, si:ch211-48m9.1, zgc:101610, wu:fx03e08, MARK3, INPP5K, MAPRE3, plxnB2, HCFC1, MAP2K4, SH3KBP1, AP1G1, dnm2a.1, ADARB1, zgc:92566, ADARB1, CSE1L, AKAP1, USP6NL, RETSAT, HGD, zgc:63995, SLC7A8, CYP2J2, LOC110439787, im:6910498, si:ch211-69n2.2, LOC794952, RAC1, IGFBP3, PCDH1, wu:fc23c07, GNA13, RAC1, CADPS2, si:dkey-30j16.3, golph3, GRK3, im:7162273, si:dkey-190l1.2, FBXO40, phkb.1, zgc:77049, adam22.2, CACNA2D2, si:rp71-68n21.9, MRPS24, zgc:153680, PPP2CA, PPP2CA, IMPDH2, zgc:110843, zehn2383",197
"list_larvae_pval_CLN4_NTC_DOWN","CLN4_NTC_L115R","PSMD6, PTPN13, ATP6V1C1, GABBR2, BRCA1, DOCK9, NEBL, DHX29, APOA1, TNPO2, GCC2, GRIN3A, SRP72, PHKA1, FRG1, KRT17, NNT, HNRNPUL2, WARS1, KIF17, PHRF1, NRIP3, SBF2, ABL2, BRSK2, OSBP, KHSRP, GNAI2, POLR1D, TACC2, SERPINA3H, PSMA2, PPP2R5E, AP2S1, KCNJ10, SLC5A4B, CAPRIN1, SLC25A51, ND5, EPHA4, LENG9, COPS7A, PAFAH1B2, NUDT4, NEGR1, KCTD12, NT5C2, SCML2, RPS23, MACROH2A2, WASHC2",51
"list_larvae_pval_CLN4_NTC_DOWN","CLN4_NTC_L116","PCCA, DHX29, KIF17, DYNC1LI1, AAK1, MAG, ACTN4, RUNDC3B, SBF2, GRIA3, ATXN10, CHGA, KIF2A, CDC42, PPFIA3, TMEM30A, LTA4H, HSPH1, MSN, PLCB1, LRPPRC, MLXIPL, PPP1R9B, ADCY9, EEF1D, ZNF598, TACC2, SRGAP2, SYNJ1, TCP1, COL9A2, BRD2, RDX, LUC7L2, FAM83G, FLOT2, POR, REEP2, SFXN5, RAD23B, RNPEP, PFDN4, HSD17B10, TAF7, RALA, ETFDH, APLP1, PALS2, ACADL, ALCAM, BDH1, ATP6V1F, DNAJB11, HEPACAM, PCBP4, NRAS, PSMA3, PRPS2, RPL27A, LENG9, ACSBG1, COPS7A, HAPLN2, MACROH2A2, PSMA2, NUDT4, HSD17B4, NEGR1, SLC8A1, SCML2, PAFAH1B2, KCTD12, WASHC2",73
"list_larvae_pval_CLN4_NTC_DOWN","Larvae_WT_CLN3_Lux1_AND_Larvae_WT_CLN3_Lux2","ATP6V0D1, NT5C1B, ARR3, NLRP12, LOC103910577, DCTN1, SRP72, si:dkey-29p10.4, UTRN, LRRC59, CACNA2D2, si:ch211-250g4.3, ACOT1, cadpsb.2, GNB5, PNPLA7, UNC45B, LOC108183341, CYC1, CHST10, STK3, POU4F3, DOCK1, EPB41L3, zgc:114119, POU5F2, THOC5, PPM1G, SLC5A12, NDST1",30
"list_larvae_pval_CLN4_NTC_DOWN","Larvae_WT_CLN3_Lux1_AND_Larvae_WT_CLN12","AP1G1, slc27a1, ppa1, zgc:66163, WASF1, CACNA2D1, ALDH4A1, UTRN, CACNA2D2, si:dkey-207j16.6, PNPLA7, MRPS7, PRSS1, CYC1, golph3, si:rp71-68n21.9, FBXO40, POU5F2, zgc:110843, CYP2J2",20
"list_larvae_pval_CLN4_NTC_DOWN","Larvae_WT_CLN3_Lux1_AND_CLN4_NTC_L115R","SRP72",1
"list_larvae_pval_CLN4_NTC_DOWN","Larvae_WT_CLN3_Lux1_AND_CLN4_NTC_L116","HSD17B10",1
"list_larvae_pval_CLN4_NTC_DOWN","Larvae_WT_CLN3_Lux2_AND_Larvae_WT_CLN12","CYC1, SERBP1, UTRN, zgc:171842, CACNA2D2, PNPLA7, POU5F2",7
"list_larvae_pval_CLN4_NTC_DOWN","Larvae_WT_CLN3_Lux2_AND_CLN4_NTC_L115R","NEGR1, SRP72",2
"list_larvae_pval_CLN4_NTC_DOWN","Larvae_WT_CLN3_Lux2_AND_CLN4_NTC_L116","NEGR1, TAF7",2
"list_larvae_pval_CLN4_NTC_DOWN","Larvae_WT_CLN12_AND_CLN4_NTC_L115R","",0
"list_larvae_pval_CLN4_NTC_DOWN","Larvae_WT_CLN12_AND_CLN4_NTC_L116","POR",1
"list_larvae_pval_CLN4_NTC_DOWN","CLN4_NTC_L115R_AND_CLN4_NTC_L116","DHX29, KIF17, SBF2, TACC2, PSMA2, LENG9, COPS7A, PAFAH1B2, NUDT4, NEGR1, KCTD12, SCML2, MACROH2A2, WASHC2",14
"list_larvae_pval_CLN4_NTC_DOWN","Larvae_WT_CLN3_Lux1_AND_Larvae_WT_CLN3_Lux2_AND_Larvae_WT_CLN12","UTRN, CACNA2D2, PNPLA7, CYC1, POU5F2",5
"list_larvae_pval_CLN4_NTC_DOWN","Larvae_WT_CLN3_Lux1_AND_Larvae_WT_CLN3_Lux2_AND_CLN4_NTC_L115R","SRP72",1
"list_larvae_pval_CLN4_NTC_DOWN","Larvae_WT_CLN3_Lux1_AND_Larvae_WT_CLN3_Lux2_AND_CLN4_NTC_L116","",0
"list_larvae_pval_CLN4_NTC_DOWN","Larvae_WT_CLN3_Lux1_AND_Larvae_WT_CLN12_AND_CLN4_NTC_L115R","",0
"list_larvae_pval_CLN4_NTC_DOWN","Larvae_WT_CLN3_Lux1_AND_Larvae_WT_CLN12_AND_CLN4_NTC_L116","",0
"list_larvae_pval_CLN4_NTC_DOWN","Larvae_WT_CLN3_Lux1_AND_CLN4_NTC_L115R_AND_CLN4_NTC_L116","",0
"list_larvae_pval_CLN4_NTC_DOWN","Larvae_WT_CLN3_Lux2_AND_Larvae_WT_CLN12_AND_CLN4_NTC_L115R","",0
"list_larvae_pval_CLN4_NTC_DOWN","Larvae_WT_CLN3_Lux2_AND_Larvae_WT_CLN12_AND_CLN4_NTC_L116","",0
"list_larvae_pval_CLN4_NTC_DOWN","Larvae_WT_CLN3_Lux2_AND_CLN4_NTC_L115R_AND_CLN4_NTC_L116","NEGR1",1
"list_larvae_pval_CLN4_NTC_DOWN","Larvae_WT_CLN12_AND_CLN4_NTC_L115R_AND_CLN4_NTC_L116","",0
"list_larvae_pval_CLN4_NTC_DOWN","Larvae_WT_CLN3_Lux1_AND_Larvae_WT_CLN3_Lux2_AND_Larvae_WT_CLN12_AND_CLN4_NTC_L115R","",0
"list_larvae_pval_CLN4_NTC_DOWN","Larvae_WT_CLN3_Lux1_AND_Larvae_WT_CLN3_Lux2_AND_Larvae_WT_CLN12_AND_CLN4_NTC_L116","",0
"list_larvae_pval_CLN4_NTC_DOWN","Larvae_WT_CLN3_Lux1_AND_Larvae_WT_CLN3_Lux2_AND_CLN4_NTC_L115R_AND_CLN4_NTC_L116","",0
"list_larvae_pval_CLN4_NTC_DOWN","Larvae_WT_CLN3_Lux1_AND_Larvae_WT_CLN12_AND_CLN4_NTC_L115R_AND_CLN4_NTC_L116","",0
"list_larvae_pval_CLN4_NTC_DOWN","Larvae_WT_CLN3_Lux2_AND_Larvae_WT_CLN12_AND_CLN4_NTC_L115R_AND_CLN4_NTC_L116","",0
"list_larvae_pval_CLN4_NTC_DOWN","Larvae_WT_CLN3_Lux1_AND_Larvae_WT_CLN3_Lux2_AND_Larvae_WT_CLN12_AND_CLN4_NTC_L115R_AND_CLN4_NTC_L116","",0
"list_brain_pval_CLN4_NTC_UP","Brain_CLN3_Lux1_wt","si:dkey-178o16.4, ALCAM, zgc:77758, SMIM8, selenow, LOC101884482, ISOC1, EPHB2, DMRT2, wu:ft69e01, si:dkey-96g2.1, CFHR4, PRMT8, pdcd8, zgc:92415, HDHD3, DNAJC2, glur4a, LOC101884860, PUF60, RP1L1, wu:fu10f07, ACP7, zgc:56377, atp5d, GDPD4, zgc:153569, HAPLN1, CREBBP, si:rp71-1f1.7, RHCE, TNFSF15, TNFSF10, PRMT1, si:dkey-40g16.6, DLC1, MARK3, CRALBPa, GNS, zgc:66110, zgc:113590, RNPS1, PRKAR1A, si:rp71-1m12.2, DNAI1, LOC110438254, Gria1.1, ARRB1, si:ch211-160f23.5, LOC101882267, NACA, FLNC, ACADSB, SNX17, LOC110438106, LOC110437786, NCAM1, PRKCD, zgc:63716, RBSN, SPDL1, PLEC, MYL1, PRKCD, tpd52l2b.1, si:dkeyp-80c12.9, GID8, CELSR1, MARK2, elavl4.1, LOC100535415, CCT8, APOB, MAP2K7, wu:fb99a03, zgc:114137, LOC101886459, ATP6AP1, LOC103908614, RALDH2, ACTR2, TAF7, AKAP1, B4GALNT2, wu:fc76h06, DPYS, NDUFA4L2, si:dkey-121j17.1, NLRP12, znf1004, TGFBR2, zgc:92114, RGS7, GRIA2, RABGEF1, wu:fb37e03, PFKP, MAP2K4, ACTR2, RGN, zgc:171842, fb54c08, si:ch211-240l19.7, SRSF8, MB, wu:fc55e11, MYH7B, zgc:158236, UBA5, PCARE, GPR174, fa22h09.1, cyp2j22, FLT4, RPS18, ZNF516, PDGFRA, PHGDH, sb:eu937, si:ch211-207o17.2, CALR, LOC100005187, zgc:63523.1, tnika.1, HS6ST2, si:dkey-151g10.3, MAP1B, TRIM16, ATP13A3, wu:fj66f02, zgc:56717, LOC101884295, MINK1",133
"list_brain_pval_CLN4_NTC_UP","Brain_CLN3_Lux2_wt","slc8a3.1, ALCAM, zgc:113590, ZEB2, ISOC1, SNAP29, FTSJ3, ARID1B, RFLNA, HDHD3, SPINT1, CFHR4, RP1L1, CRALBPa, nitr1l_3, AKAP1, EPHB2, NAXE, RHCE, SORBS2, QKI, si:dkey-20d21.7, LOC108183349, glur4a, LOC101884482, DLC1, INVS, PRMT1, si:dkey-40g16.6, hspa4, si:dkey-51e6.1, LOC558721, wu:fc76h06, Gria1.1, LOC110439897, si:ch211-173k16.6, cb193, IGSF5, wu:fb60b05, TMX2, HAPLN1, FASN, NR0B2, HRAS, ATP8B3, ACTR2, GDPD4, glur1a, ACADSB, LOC100535415, ACTR2, KIF3B, MAPRE2, GPR174, DYNC1LI1, GCLC, wu:fu10f07, im:7151832, CREBBP, ITGA11, OPCML, si:dkey-85n7.2, PRMT8, zgc:110298, wu:fd60d11.1, RAN, NRG1, BORCS7, zgc:153935, RAB6A, zgc:73107, wu:ft69e01, HSBP1, acsl2, CSPG5, wu:fi43a11, H1-1, MFSD6, zgc:64070, FSCN1, PPP3CA, elavl4.4, FER1L4, KIF3A, im:7152528, zgc:56092, LOC108183498, THOP1, LOC110439431, si:ch211-154e15.3, TNFSF15, wu:fb25g12, MS4A6E, LOC103909492, ZNF646, cspg5a.1, LOC100148332, ARRB1, cspg5a.2, elavl4.1, sult3st1, zgc:92114, zgc:112014, TNFSF10, GRIA4, LOC568664.2, CKM, si:dkey-202n14.1, LOC110437708, si:dkey-183k8.2, RPL19, si:rp71-1m12.2, GNAI3, si:ch211-216k22.8, GID8, CFAP126, GET3, ATP6AP1, FLNC, MTSS2, cspg5a.3, PCDH1, zgc:66110, WNT11, IBA57, KCTD12, zgc:63716, LOC108183316, zgc:77592, syt1b.1, RAB8B, im:7151472, PRPH, im:7137110, zgc:171842, zgc:56136, zgc:109832, CRABP1, SYT2, LOC110438254, fa22h09.1, wu:fb99a03, sh3gl1b.1, USP7, ALDH9A1, SPDL1, myhc3, ADH1A, cb523, wu:fj47f07, si:ch211-240l19.7, ZNF516, GRIA1, STOML3, zgc:73124, RAB2A, SEPTIN10, zgc:55524, CORO1C, STK31, fc28d04, RPL8, YWHAE, GPHN, SYT1, cb710, si:ch211-160f23.5, PDGFRA, PFKP, NDUFS8, cyp2j22, IARS1, znf1004, EIF3A, HP1BP3, sh3glb2a.1, PASD1, pvrl1b, LOC567924, zgc:101838, LETM1, GRIA4, apoa4, zgc:56049, PRKCD, gna11, im:6906552, HSP90AB1, PLCH2, CYFIP1, a2ml.1, MYH9, zgc:56717, RTN3, GSPT2",195
"list_brain_pval_CLN4_NTC_UP","Brain_CLN12_wt","slc8a3.1, wu:fb60f06, si:dkey-178o16.4, ALCAM, SMIM8, BAG2, ACP7, EPHB2, IGSF5, wu:ft69e01, zgc:66110, ISOC1, CREBBP, CFHR4, zgc:113590, si:dkey-40g16.6, GDPD4, fa96h11, zgc:165641, HDHD3, SPINT1, CCT8, FTSJ3, TNFSF10, RHCE, DMRT2, fb95d11, RGS7, zgc:92415, PRMT8, EIF5A, MARK2, sh3glb2a.1, SORBS2, LOC110438689, glur4a, wu:fu10f07, DNAJC2, CLINT1, NCAM2, zgc:64070, CELSR1, si:ch211-240l19.7, ACTR2, ACTR2, TLP19, fa22h09.1, ARID1B, NR0B2, si:dkey-85n7.2, IBA57, zgc:153569, sfrs11, wu:fb99a03, FASN, LOC110438475, NAXE, MAPRE2, CUL1, mark2b.1, GSN, sh3glb2b.1, IL-12 p40, LOC100150882, HHIPL2, si:dkey-200h23.3, SCN8A, RNPS1, PUF60, NKAIN2, HAPLN1, TMX2, AKAP1, kif5ba.1, OPCML, SRRT, si:dkey-96g2.1, CRABP1, LOC110437786, TAF7, zgc:56377, cd9l, SH3GLB2, mark2a.1, zgc:110670, wu:fa56a07, THSD7B, si:dkey-245i2.13, zgc:63716, GNA11, MAP6D1, tpd52l2b.1, MARK3, RMDN1, SYT7, si:rp71-1f1.7, elavl4.4, si:dkey-51e6.1, wu:fj98c08, PPP2R5B, FLNC, EPB41L1, ARRB1, si:dkeyp-80c12.9, MYL1, ARL6IP5, ACADSB, elavl4.1, sult3st1, camk2d2.1, PCDH1, MYO1H, RABGEF1, LOC101886459, ATP13A3, ARL15, WDR48, RAPGEF2, mg:bb02g11, SRSF8, RGN, zgc:77130, wu:fc76h06, znf1004, gna11, wu:fc55e11, camk2d2.3, NDUFS8, CAMK2B, wu:fb14b06, CRALBPa, GGA1, PLCH2, zgc:56317, RALDH2, FBXO41, NACA, zgc:158236, zgc:171842, TNFSF15, zgc:91930, LOC100535415, STRN, zgc:92771, nitr1l_3, wu:fb37e03, LOC101884860, zgc:92573, wu:fb02c08, CCT6B, PRKCD, zgc:86841, slc12a7a.1, LOC569025, LAGE3, GRIA4, LOC110438254, SGTA, aox6, CDV3, F3.1, PIP4K2A, GNS, sh3gl1b.1, zgc:92114, ASPH, GID8, LOC798483, DHRS4L2, PHB2, farsl, SH3GLB2, LOC100005187, PFKP, GPR174, PRMT1, actr2a.1, LETM1, acsl2, camk2b1.2, LOC101884295, IARS1, SLC12A4, wu:fd08c05, NLRP12, ATP6AP1, PPP1R14B, NLRP12, ppp2r5cb.1, H1-1, SFXN4, KIF4A, BHMT, im:7151472, MFSD6, SOD1, NLRP12, FTO, MAP2K7, LOC110437708, zgc:56717, cyp2j22, CAMK2D, zgc:56136, PCDH15, PRKCD, LOC110438106, wu:fb40d12, FSD1, SPTBN5, gm6a, MRPS9, si:ch211-165e15.1, SPDL1, APOB, syncrip.1, ZNF516, NDUFA4L2, slc12a7b.1, ADH1A, wu:fb11c11, wu:fb61d08, PTGER1, kiaa1024l, HNRNPDL, ELAVL4, PWWP3A, si:dkey-121j17.1, zgc:123320, CYB5R3, si:ch211-207o17.2, camk2b.1, CRABP1, MINK1, zgc:77288, SYT7, zgc:55524, snrpfl, CALR, MYH9, GRIA4, LOC103908614, elavl4.3, zgc:110298, im:7151832, si:ch211-160f23.5, B4GALNT2, EPN1, wu:fj85f11, gm6a.1, GRIA2, LOC108190403.1, PLEC, clasp2.1, SLC4A8, zgc:123215, znf469, RHOA, slc12a7a.2, fb24b05, zgc:109889, hnrpr",262
"list_brain_pval_CLN4_NTC_UP","CLN4_L115_NTC","FHIP1B, NDUFB9, ITPA, TMEM67, KPNA4, LTBP2, FAM234B, COQ9, PSMC4, HDAC4, STUB1, SLC24A2, VBP1, BNIPL, ARL8A, COMMD9, FAM171A2, GAPDHS, SLC4A10, ZBTB39, MAP7D1, NDUFA9, DNA2, RTN4, CTNNA2, DST, DYNLL2, MATK, SCP2, CCDC30, SNX2, USO1, GLUD1, MYH10, RUFY3, HNRNPAB, MMRN1, RIDA, TECPR1, CAST, DNAJC28, PEA15, CCDC163, RTN1, DYNLL1, ACTR1B, MYH9, NCDN, CADM3, HSPA5",50
"list_brain_pval_CLN4_NTC_UP","CLN4_L116_NTC","FHIP1B, NDUFB9, ALG2, LTBP2, ARL8A, GABRB2, GOLPH3, PCBD1, KIAA0513, TTC1, BNIPL, ZMPSTE24, RPS5, ZBTB39, FAM171A2, GANAB, GNG5, ITGAV, MAP7D1, SYNJ2, STMN1, PSIP1, GPD1, CNDP2, CLIP2, USO1, DDX3X, SNAP25, MMRN1, PPIA, DYNLL2, GLS, ATP2B3, NCAN, CCDC30, KMT2A, GPM6B, GLUL, MYH14, CLTB, SPTAN1, TMC7, EIF4B, RPS15A, ATP2B2, DST, IDH3A, CCDC163, ESPN, UQCRFS1",50
"list_brain_pval_CLN4_NTC_UP","Brain_CLN3_Lux1_wt_AND_Brain_CLN3_Lux2_wt","ALCAM, LOC101884482, ISOC1, EPHB2, wu:ft69e01, CFHR4, PRMT8, HDHD3, glur4a, RP1L1, wu:fu10f07, GDPD4, HAPLN1, CREBBP, RHCE, TNFSF15, TNFSF10, PRMT1, si:dkey-40g16.6, DLC1, CRALBPa, zgc:66110, zgc:113590, si:rp71-1m12.2, LOC110438254, Gria1.1, ARRB1, si:ch211-160f23.5, FLNC, ACADSB, PRKCD, zgc:63716, SPDL1, GID8, elavl4.1, LOC100535415, wu:fb99a03, ATP6AP1, ACTR2, AKAP1, wu:fc76h06, znf1004, zgc:92114, PFKP, zgc:171842, si:ch211-240l19.7, GPR174, fa22h09.1, cyp2j22, ZNF516, PDGFRA, zgc:56717",52
"list_brain_pval_CLN4_NTC_UP","Brain_CLN3_Lux1_wt_AND_Brain_CLN12_wt","si:dkey-178o16.4, ALCAM, SMIM8, ISOC1, EPHB2, DMRT2, wu:ft69e01, si:dkey-96g2.1, CFHR4, PRMT8, zgc:92415, HDHD3, DNAJC2, glur4a, LOC101884860, PUF60, wu:fu10f07, ACP7, zgc:56377, GDPD4, zgc:153569, HAPLN1, CREBBP, si:rp71-1f1.7, RHCE, TNFSF15, TNFSF10, PRMT1, si:dkey-40g16.6, MARK3, CRALBPa, GNS, zgc:66110, zgc:113590, RNPS1, LOC110438254, ARRB1, si:ch211-160f23.5, NACA, FLNC, ACADSB, LOC110438106, LOC110437786, PRKCD, zgc:63716, SPDL1, PLEC, MYL1, tpd52l2b.1, si:dkeyp-80c12.9, GID8, CELSR1, MARK2, elavl4.1, LOC100535415, CCT8, APOB, MAP2K7, wu:fb99a03, LOC101886459, ATP6AP1, LOC103908614, RALDH2, ACTR2, TAF7, AKAP1, B4GALNT2, wu:fc76h06, NDUFA4L2, si:dkey-121j17.1, NLRP12, znf1004, zgc:92114, RGS7, GRIA2, RABGEF1, wu:fb37e03, PFKP, RGN, zgc:171842, si:ch211-240l19.7, SRSF8, wu:fc55e11, zgc:158236, GPR174, fa22h09.1, cyp2j22, ZNF516, si:ch211-207o17.2, CALR, LOC100005187, ATP13A3, zgc:56717, LOC101884295, MINK1",95
"list_brain_pval_CLN4_NTC_UP","Brain_CLN3_Lux1_wt_AND_CLN4_L115_NTC","",0
"list_brain_pval_CLN4_NTC_UP","Brain_CLN3_Lux1_wt_AND_CLN4_L116_NTC","",0
"list_brain_pval_CLN4_NTC_UP","Brain_CLN3_Lux2_wt_AND_Brain_CLN12_wt","slc8a3.1, ALCAM, zgc:113590, ISOC1, FTSJ3, ARID1B, HDHD3, SPINT1, CFHR4, CRALBPa, nitr1l_3, AKAP1, EPHB2, NAXE, RHCE, SORBS2, glur4a, PRMT1, si:dkey-40g16.6, si:dkey-51e6.1, wu:fc76h06, IGSF5, TMX2, HAPLN1, FASN, NR0B2, ACTR2, GDPD4, ACADSB, LOC100535415, MAPRE2, GPR174, wu:fu10f07, im:7151832, CREBBP, OPCML, si:dkey-85n7.2, PRMT8, zgc:110298, wu:ft69e01, acsl2, H1-1, MFSD6, zgc:64070, elavl4.4, TNFSF15, ARRB1, elavl4.1, sult3st1, zgc:92114, TNFSF10, GRIA4, LOC110437708, GID8, ATP6AP1, FLNC, PCDH1, zgc:66110, IBA57, zgc:63716, im:7151472, zgc:171842, zgc:56136, CRABP1, LOC110438254, fa22h09.1, wu:fb99a03, sh3gl1b.1, SPDL1, ADH1A, si:ch211-240l19.7, ZNF516, zgc:55524, si:ch211-160f23.5, PFKP, NDUFS8, cyp2j22, IARS1, znf1004, sh3glb2a.1, LETM1, PRKCD, gna11, PLCH2, MYH9, zgc:56717",86
"list_brain_pval_CLN4_NTC_UP","Brain_CLN3_Lux2_wt_AND_CLN4_L115_NTC","MYH9",1
"list_brain_pval_CLN4_NTC_UP","Brain_CLN3_Lux2_wt_AND_CLN4_L116_NTC","",0
"list_brain_pval_CLN4_NTC_UP","Brain_CLN12_wt_AND_CLN4_L115_NTC","MYH9",1
"list_brain_pval_CLN4_NTC_UP","Brain_CLN12_wt_AND_CLN4_L116_NTC","",0
"list_brain_pval_CLN4_NTC_UP","CLN4_L115_NTC_AND_CLN4_L116_NTC","FHIP1B, NDUFB9, LTBP2, BNIPL, ARL8A, FAM171A2, ZBTB39, MAP7D1, DST, DYNLL2, CCDC30, USO1, MMRN1, CCDC163",14
"list_brain_pval_CLN4_NTC_UP","Brain_CLN3_Lux1_wt_AND_Brain_CLN3_Lux2_wt_AND_Brain_CLN12_wt","ALCAM, ISOC1, EPHB2, wu:ft69e01, CFHR4, PRMT8, HDHD3, glur4a, wu:fu10f07, GDPD4, HAPLN1, CREBBP, RHCE, TNFSF15, TNFSF10, PRMT1, si:dkey-40g16.6, CRALBPa, zgc:66110, zgc:113590, LOC110438254, ARRB1, si:ch211-160f23.5, FLNC, ACADSB, PRKCD, zgc:63716, SPDL1, GID8, elavl4.1, LOC100535415, wu:fb99a03, ATP6AP1, ACTR2, AKAP1, wu:fc76h06, znf1004, zgc:92114, PFKP, zgc:171842, si:ch211-240l19.7, GPR174, fa22h09.1, cyp2j22, ZNF516, zgc:56717",46
"list_brain_pval_CLN4_NTC_UP","Brain_CLN3_Lux1_wt_AND_Brain_CLN3_Lux2_wt_AND_CLN4_L115_NTC","",0
"list_brain_pval_CLN4_NTC_UP","Brain_CLN3_Lux1_wt_AND_Brain_CLN3_Lux2_wt_AND_CLN4_L116_NTC","",0
"list_brain_pval_CLN4_NTC_UP","Brain_CLN3_Lux1_wt_AND_Brain_CLN12_wt_AND_CLN4_L115_NTC","",0
"list_brain_pval_CLN4_NTC_UP","Brain_CLN3_Lux1_wt_AND_Brain_CLN12_wt_AND_CLN4_L116_NTC","",0
"list_brain_pval_CLN4_NTC_UP","Brain_CLN3_Lux1_wt_AND_CLN4_L115_NTC_AND_CLN4_L116_NTC","",0
"list_brain_pval_CLN4_NTC_UP","Brain_CLN3_Lux2_wt_AND_Brain_CLN12_wt_AND_CLN4_L115_NTC","MYH9",1
"list_brain_pval_CLN4_NTC_UP","Brain_CLN3_Lux2_wt_AND_Brain_CLN12_wt_AND_CLN4_L116_NTC","",0
"list_brain_pval_CLN4_NTC_UP","Brain_CLN3_Lux2_wt_AND_CLN4_L115_NTC_AND_CLN4_L116_NTC","",0
"list_brain_pval_CLN4_NTC_UP","Brain_CLN12_wt_AND_CLN4_L115_NTC_AND_CLN4_L116_NTC","",0
"list_brain_pval_CLN4_NTC_UP","Brain_CLN3_Lux1_wt_AND_Brain_CLN3_Lux2_wt_AND_Brain_CLN12_wt_AND_CLN4_L115_NTC","",0
"list_brain_pval_CLN4_NTC_UP","Brain_CLN3_Lux1_wt_AND_Brain_CLN3_Lux2_wt_AND_Brain_CLN12_wt_AND_CLN4_L116_NTC","",0
"list_brain_pval_CLN4_NTC_UP","Brain_CLN3_Lux1_wt_AND_Brain_CLN3_Lux2_wt_AND_CLN4_L115_NTC_AND_CLN4_L116_NTC","",0
"list_brain_pval_CLN4_NTC_UP","Brain_CLN3_Lux1_wt_AND_Brain_CLN12_wt_AND_CLN4_L115_NTC_AND_CLN4_L116_NTC","",0
"list_brain_pval_CLN4_NTC_UP","Brain_CLN3_Lux2_wt_AND_Brain_CLN12_wt_AND_CLN4_L115_NTC_AND_CLN4_L116_NTC","",0
"list_brain_pval_CLN4_NTC_UP","Brain_CLN3_Lux1_wt_AND_Brain_CLN3_Lux2_wt_AND_Brain_CLN12_wt_AND_CLN4_L115_NTC_AND_CLN4_L116_NTC","",0
"list_brain_pval_CLN4_NTC_DOWN","Brain_WT_CLN3_Lux1","CD99L2, tmt2a, UFM1, PKM, LONP1, ALDH5A1, TAOK1, MDH1, GPX4, TUBB2B, MDH1, si:dkeyp-97b10.3, si:dkey-183j2.10, GAD1, PPP3CC, SETDB1, TPP1, rca2.1, ca16c, DNM1, DNM1, PSMC3, CPNE1, zgc:110130, OGDH, CTBP1, zgc:152945, NBEA, ANKRD13D, ncam1a.2, si:ch211-197g15.7, si:ch73-6k16.1, TAOK2, sept7b.1, LOC103910528, ADCK5, CAMKV, CACNA2D2, NBEA, LOC103911781, aak1b.1, G6PD, RHOT1, cadpsb.2, dnm1a.1, ADD2, PRPS1, SHANK3, gnal2.1, WDR7, zgc:112265, NECTIN2, dnm1b.1, MECR, GNB4, GPHN, RCAN1, OXR1, ANK1, NPC2, DNM3, oxr1a.1, dnm1a.2, JUP, FLNA, PNP, RPS24, GNG4, dnm1a.3, caskin1.1, TUBA3C, atp2b3a.2, cita.1, CD58, gad1a.1, BTF3L4, dnm1a.4, SLC4A10, ATG7, GPR153, sept8b, INPP1, TNPO1, YWHAG, cb572, UBE2L3, ZNF346, zgc:171263, ppp3cc.1, fk35d04, CFDP1, aldh5a1.1, sb:cb578, C6orf58, SLC38A3, PPP2R1B, CK, BRK1, FKBP2, wu:fb25h12, SYP, RENBP, ALDOC, si:ch211-208d15.4, EIF4A3, HBE1, cb944, TUBA1C, DNM1, si:ch73-199e17.1, XPO1, RAP2A, cyldl, TUBA4A, PRSS51, si:ch1073-174d20.2, NAMPT, KCNA1, CARS1, si:rp71-68n21.9, ELFN1, wu:fc22f04, zgc:55622, mg:bb03b10, im:6910498, MAG, add2.1, SLC6A1, zgc:56390, ADSL, si:ch211-214k9.2, cox4i1l, GAD2, DLAT, atp5j2, wu:fc19f05, ATP2B1, THBS2, zgc:152801, ATP5F1A, PRKAR2A, zgc:153633, fj41e11, zgc:152998, zgc:136759, si:dkey-180p18.9, si:dkey-242m13.1, BASP1, zgc:136908, RAD23A, RTN4, zgc:112352, wu:fj35g11, FDPS, sept7a.1, tubb2a, zgc:112318, si:zc14a17.2, zgc:112431, gatd3a, NCCRP1, zgc:110843, zgc:113267, RPS17, cb718, wu:fl70d04, im:7138781, cb523, si:dkey-12h9.4, si:ch211-147c1.2, zgc:103663, zgc:101719, atp5f1, zgc:101527, sept8a, HINT1, zgc:92093, wu:fb95e09, NDRG1, ACAT1, sept5b.1, zgc:100851, CYRIA, zgc:101117, zgc:100962, ACLY, zgc:92872, si:dkey-110p14.2, GSTK1, zgc:92716, zgc:92709, EIF3G, zgc:91952, zgc:91972, ENO3, zgc:86714, sb:cb121, TUBA1A, wu:fj17f09, zgc:77034, wu:fa20d10, ILF2, ARPC4, TEX264, XPNPEP1, atp[a]3B, tubb2c, GLO1, NOP5/NOP58, RPL23, H2BC1, RPL10A, zgc:73056, TAGLN, zgc:66343, FH, ahsa1l, CAMKV, zgc:63505, SH3BGRL, RAB7A, cdv3.2, zgc:63976, TCEA1, mdh1a, RAB1B, sb:cb425, RPL30, DNAJA2, RAB5A, wu:fd59b07, zgc:56176, im:7153900, fa93f03, wu:fi16g01, PKM, wu:fi04h11, YWHAE, zgc:56637, ECHS1, CDC5L, GNB1L, diras1, wu:fc21f08, sly1, CTSD, VAT1, ba2, sb:eu836, ADCYAP1, atp1a1l5, atp[a]1A2a, atp1a1l2, atp1a2, LDHB, LDHA, tpp2.1, si:dkey-261m9.19, X1WHL7, Q803L1, B8JHQ5, Q7SZC9",262
"list_brain_pval_CLN4_NTC_DOWN","Brain_WT_CLN3_Lux2","dnm1a.1, si:ch211-165e15.1.2, PRKCB, YWHAG, zgc:114181, ACAT1, atp6v0a1, MDH1, maptb.1, atp2b3a.2, zgc:103549, LOC100000597, MDH1, krt18, im:7153900, SEPTIN6, CSTB, MARCKSL1, zehn2383, CRIP1, gstp1, ADCK5, zgc:56210, im:7151758, atp[a]1A2a, HINT1, gad1a.2, SERPINA1, DNM1, SGSM1, dnm1a.4, mdh1a, LOC101884850, zgc:65844, MARCKSL1, ank2b.2, wu:fj45g03, VAPB, DPF3, H1-1, SLC4A4, ABI2, wu:fa20d10, ATP2B1, BSN, wu:fc21f08, MAP6, FDXR, PTPRD, PPP3CC, zgc:77174, LOC100004582, zgc:73210, LAMP, SYP, si:dkey-12h9.4, ENO3, dnm1a.3, CHCHD6, dnm1b.1, PSME2, SSBP1, gnas.1, DNM1, ATP5PD, AUTS2, cdc42a.1, samm50b, LOC797311, si:zc14a17.2, PLCB3, wu:fi04h11, nitr3d_2, PPP3R1, fb71h06, zgc:73056, zgc:112994.2, rbm4l, fb33d01, wu:fd59b07, NSFL1C, zgc:103434, zgc:112352, ZNF346, si:ch211-258l4.7, cadpsb.1, GLRX3, SMAP1, zgc:92607, BCAM, CPNE1, PCBP3, wu:fj60e01, gatd3a, slc4a4a.1, rars, ACAT2, fc18h11, ATG7, ME1, SOD2, PHLPP2, zgc:153275, CK, RHOT1, C6orf58, si:dkey-56f14.4, SLC4A10, zgc:56176, wu:fb58f07, DNM1, H1-1, ncam1a.2, ECHS1, si:ch211-162k9.5, SLC6A1, grb2, PCBP1, DLAT, PKM, dnm1a.2, TXNL1, tnikb.1, PLXNA4, TAAR6, CAMKV, LOC101886684, zK13A21.2, CADPS, im:7045267, cadpsb.2, CSTF2, RAB7A, PKM, si:ch73-6k16.1, FH, MICOS13, KAT6A, OGDH, CKMT2, UQCR10, fubp1.1, NLGN2, si:ch211-250m6.1, PPP2R1B, TAOK1, MAG, THBS2, LOC795173, CHMP5, ACADS, HSPE1, CIT, GAD1, ALDH5A1, zgc:103438.1, OTUB1, MYL6, MECR, zgc:103663, sb:cb425, wu:fb95e09, HSD17B4, zgc:110585, zgc:92116, ARID4B, NDRG1, wu:fa93h05, PPP2CA, zgc:153390, OXR1, PRUNE1, HUWE1, RAB5A, INPP4A, SYNE2, CELF2, GPAA1, GPHN, si:dkey-110p14.2, OXR1, zgc:65842, CAMKV, tln1.1, PFN2, zgc:112265, DNM3, PRPF40A, si:ch211-147c1.2, INPP1, LOC101886386, caskin1.1, SLC25A18, ILF2, zgc:152801, ADD2, zgc:91952, si:ch211-233h19.1, NBEA, GNB1L, zgc:92875, BANF1, oxr1a.1, MAG, gad1a.1, SH3BGRL, RAD23A, prxl2a, zgc:136908, zgc:171263, KCNA1, RPL23, wu:fb25h12, ppp3cc.1, si:rp71-68n21.9, zgc:100851, CCNY, SLC38A3, LOC101886975, MARK4, atp5j2, tmt2a, CHORDC1, zgc:100962, TAGLN, LOC103911781, sb:cb578, TPR, sept5b.1, NAMPT, RENBP, aldh5a1.1, NBEA, G6PD, zgc:92093, sept8b.1, SETDB1, wu:fi16g01, sly1, GNG4, NOP5/NOP58, cita.1, NCCRP1, zgc:63505, ca16c, zgc:92872, zgc:66343, RPL30, LOC103910030, wu:fj42a03, WDR7, TAOK2, zgc:56390, CYRIA, sept8a, cox4i1l, CPLX2, LOC103910528, GSTK1, zgc:92709, LOC110440162, WDR82, CFDP1, GLO1, si:dkey-242m13.1, TNPO1, ADCYAP1, sept8b, cdv3.2, FGF19, ARPC4, cplx2b.1, RPS24, zgc:110843, LOC101885266, COPS8, BTF3L4, zgc:101527, zgc:63976, zgc:136759, EIF3G, TCEA1, si:dkey-180p18.9, RPL10A, FKBP2, FDPS, JUP, ELFN1, PPIL3, LONP1, zgc:113267, CARS1, UBE2L3, KCNA2, zgc:112431, zgc:92888, PHF24, si:dz79f24.2, si:ch211-208d15.4, tpp2.1, wu:fl70d04, si:ch211-197g15.7, TEX264, ANKRD13D, zgc:158222, zgc:152998, MTAP, wu:fj17f09, UFM1, PNP, ADSL, zgc:153633, ahsa1l, RAP2A, LOC798483, si:ch211-214k9.2, NPC2, sb:cb121, RCAN1, CACNA2D2, PRSS51, fk35d04, zgc:110130, BRK1, TPP1, RPS17, XPNPEP1, zgc:101719, CD99L2",329
"list_brain_pval_CLN4_NTC_DOWN","Brain_WT_CLN12","YWHAG, cadpsb.1, zgc:55485, atp[a]3B, wu:fa20d10, atp2b3b.2, NCAM1, ATP2B1, LTF, wu:fj35g11, OGDH, TNC, BSN, MBL2, sept7b, atp1a1l5, zgc:86635, SDHAF3, cadpsb.2, ank2b.5, ENO3, diras1, atp[a]1A2a, zgc:112318, zgc:153358, NUCKS1, gnal2.1, wu:fd59b07, atp2b1b.1, SDHB, aldh5a1.2, DNM2, atp1a1l2, im:7138781, HINT1, zgc:171927, im:7045267, LOC100149080, LCP1, ACAT1, ACLY, CDC5L, atp2b3b.1, YWHAE, cb927, LAMP, TTYH3, PMCA2, SYN1, dnaja2l, ME1, si:ch211-165e15.1.2, sept7a, dgkh.1, DAPK2, si:ch211-122i22.4, si:dkey-32e23.4, NDRG1, RAB1B, zgc:65844, PPP3R1, dnm1b.1, DNM3, MMP26, cb718, CDH2, si:ch211-98n17.5.1, KDM6B, NECTIN2, CAMKV, NDRG3, CHMP5, PGI, CYFIP2, HSPE1, ADISSP, BCAT1, zgc:153390, ba2, SCLY, zgc:91952, ckii, atp2b3a.2, gad1a.1, fb37h04, DBN1, sb:eu917, zgc:101007, si:dkey-183j2.10, zgc:65842, PPP3R1, MARCKSL1, si:ch211-234p6.12, zgc:153275, NCAM2, si:ch211-92l17.2, PLCB3, si:dkey-47k20.9, ZNF346, atp5f1, NME2, dnm1a.1, fc04h03.1, ATP2B1, gstp1, ank2b.2, ftr93, fm90e09, RPS15A, RAD23A, zgc:56637, FLNA, sb:cb425, si:dkey-238o13.4, tmt2a, CSTF2, wu:fj60e01, aak1b.1, PITPNA, wu:fb78a05, zgc:92872, HUWE1, hua, LOC797311, ATP2B1, dnm1a.3, im:7140733, AUTS2, atp6v0a1, SLC25A18, DNAJA2, cb523, HARS1, sept5b, SLC38A3, zgc:112352, TNIK, add2.1, si:dkey-85k7.11, ENO3, si:ch73-250d21.2, CTSD, CPNE1, dnm1a.2, GNB1L, dnm1a.4, PKM, UQCR10, RAB7A, RHOT1, pam.1, zgc:100851, rap1a, wu:fi16g01, BASP1, SERHL, SIGLEC14, COPB1, DNM1, SH3GL1, zgc:112994.3, wu:fc21f08, LOC100148920, si:dkey-12h9.4, RPH3A, FDXR, ALDH5A1, ADCK5, DNM1, fb33d01, PRUNE1, gpt2l, YBX1, ncam1a.2, DNM1, LOC100000597, zgc:86939, IT-NP, MAG, OGDH, atp5j2, epb41l3a.1, ATP2B2, C6orf58, CD58, cb572, MYBPH, zgc:152801, wu:fi04h11, EIF4A3, EPHX2, HNRNPH1, HBE1, RAB5A, SYNE2, PKM, SLC6A12, ANK1, zgc:86647, MDH1, zgc:92191, MDS026, SHANK3, OXR1, PRKAR2A, Zwnt[a], GPHN, oxr1a.1, PPP2R1B, GAD1, zgc:175180, NCCRP1, PRPS1, TAOK1, zgc:73056, cita.1, si:ch211-147c1.2, RPS28, MDH1, MTPN, aldh5a1.1, zgc:86714, MAG, zgc:65951, WDR7, KBTBD11, RENBP, wu:fb11c10, zgc:100962, FH, zgc:110551, zgc:63505, DHTKD1, GPX4, INPP4A, mdh1a, DOCK1, ppp3cc.1, TAGLN, ADD2, GNG4, NBEA, NBEA, DNAJC5, sept5b.1, si:ch73-6k16.1, zgc:103663, wu:fb58a11, sept7b.1, CPLX2, wu:fa93h05, DLAT, zgc:55622, si:rp71-68n21.9, fc26e12, si:zc14a17.2, RPL30, zgc:92716, zgc:171263, sly1, XPO1, PTMA, zgc:92093, KCNA1, samm50b, RPL23, BANF1, ECHS1, wu:fb25h12, SH3BGRL, PSME2, NAMPT, caskin1.1, si:dkey-110p14.2, TPR, CTBP1, SLC4A10, NOP5/NOP58, zcchc11, zgc:110302, sb:cb578, G6PD, GPAA1, sept7a.1, zgc:66343, PPP3CC, PSMB7, SETDB1, SLC6A1, zgc:112265, zgc:92709, zgc:56390, MECR, wu:fb95e09, wu:fj78b11, TAOK2, ca16c, GSTK1, PPP2CA, ATG7, CYRIA, LOC103910528, ARPC4, TNPO1, sept8a, ZNF687, LOC110440162, WDR82, sept8b, CAMKV, PHF24, zgc:92888, FGF19, cplx2b.1, tpp2.1, GLO1, COPS8, BTF3L4, si:ch211-208d15.4, wu:fl70d04, zgc:136759, EIF3G, si:dkey-180p18.9, RPL10A, FDPS, JUP, LONP1, zgc:113267, CARS1, zgc:153267, MTAP, PSMC3, RTN4, GPR153, zgc:110843, si:dz79f24.2, MYL11, ADCYAP1, cyldl, RPS24, cdv3.2, LOC101885266, zgc:101527, TCEA1, FKBP2, zgc:63976, ANKRD13D, ELFN1, KCNA2, zgc:152998, UBE2L3, si:ch211-243j20.2, cox4i1l, zgc:112431, wu:fj17f09, UFM1, PNP, ZDHHC20, ADSL, zgc:153633, ahsa1l, TEX264, si:ch211-197g15.7, RAP2A, si:ch211-214k9.2, NPC2, sb:cb121, RCAN1, CACNA2D2, PRSS51, fk35d04, zgc:110130, BRK1, TPP1, RPS17, XPNPEP1, zgc:101719, CD99L2",378
"list_brain_pval_CLN4_NTC_DOWN","CLN4_NTC_L115R","PSMD6, PTPN13, ATP6V1C1, GABBR2, BRCA1, DOCK9, NEBL, DHX29, APOA1, TNPO2, GCC2, GRIN3A, SRP72, PHKA1, FRG1, KRT17, NNT, HNRNPUL2, WARS1, KIF17, PHRF1, NRIP3, SBF2, ABL2, BRSK2, OSBP, KHSRP, GNAI2, POLR1D, TACC2, SERPINA3H, PSMA2, PPP2R5E, AP2S1, KCNJ10, SLC5A4B, CAPRIN1, SLC25A51, ND5, EPHA4, LENG9, COPS7A, PAFAH1B2, NUDT4, NEGR1, KCTD12, NT5C2, SCML2, RPS23, MACROH2A2, WASHC2",51
"list_brain_pval_CLN4_NTC_DOWN","CLN4_NTC_L116","PCCA, DHX29, KIF17, DYNC1LI1, AAK1, MAG, ACTN4, RUNDC3B, SBF2, GRIA3, ATXN10, CHGA, KIF2A, CDC42, PPFIA3, TMEM30A, LTA4H, HSPH1, MSN, PLCB1, LRPPRC, MLXIPL, PPP1R9B, ADCY9, EEF1D, ZNF598, TACC2, SRGAP2, SYNJ1, TCP1, COL9A2, BRD2, RDX, LUC7L2, FAM83G, FLOT2, POR, REEP2, SFXN5, RAD23B, RNPEP, PFDN4, HSD17B10, TAF7, RALA, ETFDH, APLP1, PALS2, ACADL, ALCAM, BDH1, ATP6V1F, DNAJB11, HEPACAM, PCBP4, NRAS, PSMA3, PRPS2, RPL27A, LENG9, ACSBG1, COPS7A, HAPLN2, MACROH2A2, PSMA2, NUDT4, HSD17B4, NEGR1, SLC8A1, SCML2, PAFAH1B2, KCTD12, WASHC2",73
"list_brain_pval_CLN4_NTC_DOWN","Brain_WT_CLN3_Lux1_AND_Brain_WT_CLN3_Lux2","CD99L2, tmt2a, UFM1, PKM, LONP1, ALDH5A1, TAOK1, MDH1, GAD1, PPP3CC, SETDB1, TPP1, ca16c, DNM1, CPNE1, zgc:110130, OGDH, NBEA, ANKRD13D, ncam1a.2, si:ch211-197g15.7, si:ch73-6k16.1, TAOK2, LOC103910528, ADCK5, CAMKV, CACNA2D2, LOC103911781, G6PD, RHOT1, cadpsb.2, dnm1a.1, ADD2, WDR7, zgc:112265, dnm1b.1, MECR, GPHN, RCAN1, OXR1, NPC2, DNM3, oxr1a.1, dnm1a.2, JUP, PNP, RPS24, GNG4, dnm1a.3, caskin1.1, atp2b3a.2, cita.1, gad1a.1, BTF3L4, dnm1a.4, SLC4A10, ATG7, sept8b, INPP1, TNPO1, YWHAG, UBE2L3, ZNF346, zgc:171263, ppp3cc.1, fk35d04, CFDP1, aldh5a1.1, sb:cb578, C6orf58, SLC38A3, PPP2R1B, CK, BRK1, FKBP2, wu:fb25h12, SYP, RENBP, si:ch211-208d15.4, RAP2A, PRSS51, NAMPT, KCNA1, CARS1, si:rp71-68n21.9, ELFN1, MAG, SLC6A1, zgc:56390, ADSL, si:ch211-214k9.2, cox4i1l, DLAT, atp5j2, ATP2B1, THBS2, zgc:152801, zgc:153633, zgc:152998, zgc:136759, si:dkey-180p18.9, si:dkey-242m13.1, zgc:136908, RAD23A, zgc:112352, FDPS, si:zc14a17.2, zgc:112431, gatd3a, NCCRP1, zgc:110843, zgc:113267, RPS17, wu:fl70d04, si:dkey-12h9.4, si:ch211-147c1.2, zgc:103663, zgc:101719, zgc:101527, sept8a, HINT1, zgc:92093, wu:fb95e09, NDRG1, ACAT1, sept5b.1, zgc:100851, CYRIA, zgc:100962, zgc:92872, si:dkey-110p14.2, GSTK1, zgc:92709, EIF3G, zgc:91952, ENO3, sb:cb121, wu:fj17f09, wu:fa20d10, ILF2, ARPC4, TEX264, XPNPEP1, GLO1, NOP5/NOP58, RPL23, RPL10A, zgc:73056, TAGLN, zgc:66343, FH, ahsa1l, zgc:63505, SH3BGRL, RAB7A, cdv3.2, zgc:63976, TCEA1, mdh1a, sb:cb425, RPL30, RAB5A, wu:fd59b07, zgc:56176, im:7153900, wu:fi16g01, wu:fi04h11, ECHS1, GNB1L, wu:fc21f08, sly1, ADCYAP1, atp[a]1A2a, tpp2.1",174
"list_brain_pval_CLN4_NTC_DOWN","Brain_WT_CLN3_Lux1_AND_Brain_WT_CLN12","CD99L2, tmt2a, UFM1, PKM, LONP1, ALDH5A1, TAOK1, MDH1, GPX4, si:dkey-183j2.10, GAD1, PPP3CC, SETDB1, TPP1, ca16c, DNM1, PSMC3, CPNE1, zgc:110130, OGDH, CTBP1, NBEA, ANKRD13D, ncam1a.2, si:ch211-197g15.7, si:ch73-6k16.1, TAOK2, sept7b.1, LOC103910528, ADCK5, CAMKV, CACNA2D2, aak1b.1, G6PD, RHOT1, cadpsb.2, dnm1a.1, ADD2, PRPS1, SHANK3, gnal2.1, WDR7, zgc:112265, NECTIN2, dnm1b.1, MECR, GPHN, RCAN1, OXR1, ANK1, NPC2, DNM3, oxr1a.1, dnm1a.2, JUP, FLNA, PNP, RPS24, GNG4, dnm1a.3, caskin1.1, atp2b3a.2, cita.1, CD58, gad1a.1, BTF3L4, dnm1a.4, SLC4A10, ATG7, GPR153, sept8b, TNPO1, YWHAG, cb572, UBE2L3, ZNF346, zgc:171263, ppp3cc.1, fk35d04, aldh5a1.1, sb:cb578, C6orf58, SLC38A3, PPP2R1B, BRK1, FKBP2, wu:fb25h12, RENBP, si:ch211-208d15.4, EIF4A3, HBE1, XPO1, RAP2A, cyldl, PRSS51, NAMPT, KCNA1, CARS1, si:rp71-68n21.9, ELFN1, zgc:55622, MAG, add2.1, SLC6A1, zgc:56390, ADSL, si:ch211-214k9.2, cox4i1l, DLAT, atp5j2, ATP2B1, zgc:152801, PRKAR2A, zgc:153633, zgc:152998, zgc:136759, si:dkey-180p18.9, BASP1, RAD23A, RTN4, zgc:112352, wu:fj35g11, FDPS, sept7a.1, zgc:112318, si:zc14a17.2, zgc:112431, NCCRP1, zgc:110843, zgc:113267, RPS17, cb718, wu:fl70d04, im:7138781, cb523, si:dkey-12h9.4, si:ch211-147c1.2, zgc:103663, zgc:101719, atp5f1, zgc:101527, sept8a, HINT1, zgc:92093, wu:fb95e09, NDRG1, ACAT1, sept5b.1, zgc:100851, CYRIA, zgc:100962, ACLY, zgc:92872, si:dkey-110p14.2, GSTK1, zgc:92716, zgc:92709, EIF3G, zgc:91952, ENO3, zgc:86714, sb:cb121, wu:fj17f09, wu:fa20d10, ARPC4, TEX264, XPNPEP1, atp[a]3B, GLO1, NOP5/NOP58, RPL23, RPL10A, zgc:73056, TAGLN, zgc:66343, FH, ahsa1l, zgc:63505, SH3BGRL, RAB7A, cdv3.2, zgc:63976, TCEA1, mdh1a, RAB1B, sb:cb425, RPL30, DNAJA2, RAB5A, wu:fd59b07, wu:fi16g01, wu:fi04h11, YWHAE, zgc:56637, ECHS1, CDC5L, GNB1L, diras1, wu:fc21f08, sly1, CTSD, ba2, ADCYAP1, atp1a1l5, atp[a]1A2a, atp1a1l2, tpp2.1",207
"list_brain_pval_CLN4_NTC_DOWN","Brain_WT_CLN3_Lux1_AND_CLN4_NTC_L115R","",0
"list_brain_pval_CLN4_NTC_DOWN","Brain_WT_CLN3_Lux1_AND_CLN4_NTC_L116","MAG",1
"list_brain_pval_CLN4_NTC_DOWN","Brain_WT_CLN3_Lux2_AND_Brain_WT_CLN12","dnm1a.1, si:ch211-165e15.1.2, YWHAG, ACAT1, atp6v0a1, MDH1, atp2b3a.2, LOC100000597, MARCKSL1, gstp1, ADCK5, atp[a]1A2a, HINT1, DNM1, dnm1a.4, mdh1a, zgc:65844, ank2b.2, wu:fa20d10, ATP2B1, BSN, wu:fc21f08, FDXR, PPP3CC, LAMP, si:dkey-12h9.4, ENO3, dnm1a.3, dnm1b.1, PSME2, AUTS2, samm50b, LOC797311, si:zc14a17.2, PLCB3, wu:fi04h11, PPP3R1, zgc:73056, fb33d01, wu:fd59b07, zgc:112352, ZNF346, cadpsb.1, CPNE1, wu:fj60e01, ATG7, ME1, zgc:153275, RHOT1, C6orf58, SLC4A10, ncam1a.2, ECHS1, SLC6A1, DLAT, PKM, dnm1a.2, CAMKV, im:7045267, cadpsb.2, CSTF2, RAB7A, si:ch73-6k16.1, FH, OGDH, UQCR10, PPP2R1B, TAOK1, MAG, CHMP5, HSPE1, GAD1, ALDH5A1, MECR, zgc:103663, sb:cb425, wu:fb95e09, NDRG1, wu:fa93h05, PPP2CA, zgc:153390, OXR1, PRUNE1, HUWE1, RAB5A, INPP4A, SYNE2, GPAA1, GPHN, si:dkey-110p14.2, zgc:65842, zgc:112265, DNM3, si:ch211-147c1.2, caskin1.1, SLC25A18, zgc:152801, ADD2, zgc:91952, NBEA, GNB1L, BANF1, oxr1a.1, gad1a.1, SH3BGRL, RAD23A, zgc:171263, KCNA1, RPL23, wu:fb25h12, ppp3cc.1, si:rp71-68n21.9, zgc:100851, SLC38A3, atp5j2, tmt2a, zgc:100962, TAGLN, sb:cb578, TPR, sept5b.1, NAMPT, RENBP, aldh5a1.1, G6PD, zgc:92093, SETDB1, wu:fi16g01, sly1, GNG4, NOP5/NOP58, cita.1, NCCRP1, zgc:63505, ca16c, zgc:92872, zgc:66343, RPL30, WDR7, TAOK2, zgc:56390, CYRIA, sept8a, cox4i1l, CPLX2, LOC103910528, GSTK1, zgc:92709, LOC110440162, WDR82, GLO1, TNPO1, ADCYAP1, sept8b, cdv3.2, FGF19, ARPC4, cplx2b.1, RPS24, zgc:110843, LOC101885266, COPS8, BTF3L4, zgc:101527, zgc:63976, zgc:136759, EIF3G, TCEA1, si:dkey-180p18.9, RPL10A, FKBP2, FDPS, JUP, ELFN1, LONP1, zgc:113267, CARS1, UBE2L3, KCNA2, zgc:112431, zgc:92888, PHF24, si:dz79f24.2, si:ch211-208d15.4, tpp2.1, wu:fl70d04, si:ch211-197g15.7, TEX264, ANKRD13D, zgc:152998, MTAP, wu:fj17f09, UFM1, PNP, ADSL, zgc:153633, ahsa1l, RAP2A, si:ch211-214k9.2, NPC2, sb:cb121, RCAN1, CACNA2D2, PRSS51, fk35d04, zgc:110130, BRK1, TPP1, RPS17, XPNPEP1, zgc:101719, CD99L2",212
"list_brain_pval_CLN4_NTC_DOWN","Brain_WT_CLN3_Lux2_AND_CLN4_NTC_L115R","",0
"list_brain_pval_CLN4_NTC_DOWN","Brain_WT_CLN3_Lux2_AND_CLN4_NTC_L116","MAG, HSD17B4",2
"list_brain_pval_CLN4_NTC_DOWN","Brain_WT_CLN12_AND_CLN4_NTC_L115R","",0
"list_brain_pval_CLN4_NTC_DOWN","Brain_WT_CLN12_AND_CLN4_NTC_L116","MAG",1
"list_brain_pval_CLN4_NTC_DOWN","CLN4_NTC_L115R_AND_CLN4_NTC_L116","DHX29, KIF17, SBF2, TACC2, PSMA2, LENG9, COPS7A, PAFAH1B2, NUDT4, NEGR1, KCTD12, SCML2, MACROH2A2, WASHC2",14
"list_brain_pval_CLN4_NTC_DOWN","Brain_WT_CLN3_Lux1_AND_Brain_WT_CLN3_Lux2_AND_Brain_WT_CLN12","CD99L2, tmt2a, UFM1, PKM, LONP1, ALDH5A1, TAOK1, MDH1, GAD1, PPP3CC, SETDB1, TPP1, ca16c, DNM1, CPNE1, zgc:110130, OGDH, NBEA, ANKRD13D, ncam1a.2, si:ch211-197g15.7, si:ch73-6k16.1, TAOK2, LOC103910528, ADCK5, CAMKV, CACNA2D2, G6PD, RHOT1, cadpsb.2, dnm1a.1, ADD2, WDR7, zgc:112265, dnm1b.1, MECR, GPHN, RCAN1, OXR1, NPC2, DNM3, oxr1a.1, dnm1a.2, JUP, PNP, RPS24, GNG4, dnm1a.3, caskin1.1, atp2b3a.2, cita.1, gad1a.1, BTF3L4, dnm1a.4, SLC4A10, ATG7, sept8b, TNPO1, YWHAG, UBE2L3, ZNF346, zgc:171263, ppp3cc.1, fk35d04, aldh5a1.1, sb:cb578, C6orf58, SLC38A3, PPP2R1B, BRK1, FKBP2, wu:fb25h12, RENBP, si:ch211-208d15.4, RAP2A, PRSS51, NAMPT, KCNA1, CARS1, si:rp71-68n21.9, ELFN1, MAG, SLC6A1, zgc:56390, ADSL, si:ch211-214k9.2, cox4i1l, DLAT, atp5j2, ATP2B1, zgc:152801, zgc:153633, zgc:152998, zgc:136759, si:dkey-180p18.9, RAD23A, zgc:112352, FDPS, si:zc14a17.2, zgc:112431, NCCRP1, zgc:110843, zgc:113267, RPS17, wu:fl70d04, si:dkey-12h9.4, si:ch211-147c1.2, zgc:103663, zgc:101719, zgc:101527, sept8a, HINT1, zgc:92093, wu:fb95e09, NDRG1, ACAT1, sept5b.1, zgc:100851, CYRIA, zgc:100962, zgc:92872, si:dkey-110p14.2, GSTK1, zgc:92709, EIF3G, zgc:91952, ENO3, sb:cb121, wu:fj17f09, wu:fa20d10, ARPC4, TEX264, XPNPEP1, GLO1, NOP5/NOP58, RPL23, RPL10A, zgc:73056, TAGLN, zgc:66343, FH, ahsa1l, zgc:63505, SH3BGRL, RAB7A, cdv3.2, zgc:63976, TCEA1, mdh1a, sb:cb425, RPL30, RAB5A, wu:fd59b07, wu:fi16g01, wu:fi04h11, ECHS1, GNB1L, wu:fc21f08, sly1, ADCYAP1, atp[a]1A2a, tpp2.1",162
"list_brain_pval_CLN4_NTC_DOWN","Brain_WT_CLN3_Lux1_AND_Brain_WT_CLN3_Lux2_AND_CLN4_NTC_L115R","",0
"list_brain_pval_CLN4_NTC_DOWN","Brain_WT_CLN3_Lux1_AND_Brain_WT_CLN3_Lux2_AND_CLN4_NTC_L116","MAG",1
"list_brain_pval_CLN4_NTC_DOWN","Brain_WT_CLN3_Lux1_AND_Brain_WT_CLN12_AND_CLN4_NTC_L115R","",0
"list_brain_pval_CLN4_NTC_DOWN","Brain_WT_CLN3_Lux1_AND_Brain_WT_CLN12_AND_CLN4_NTC_L116","MAG",1
"list_brain_pval_CLN4_NTC_DOWN","Brain_WT_CLN3_Lux1_AND_CLN4_NTC_L115R_AND_CLN4_NTC_L116","",0
"list_brain_pval_CLN4_NTC_DOWN","Brain_WT_CLN3_Lux2_AND_Brain_WT_CLN12_AND_CLN4_NTC_L115R","",0
"list_brain_pval_CLN4_NTC_DOWN","Brain_WT_CLN3_Lux2_AND_Brain_WT_CLN12_AND_CLN4_NTC_L116","MAG",1
"list_brain_pval_CLN4_NTC_DOWN","Brain_WT_CLN3_Lux2_AND_CLN4_NTC_L115R_AND_CLN4_NTC_L116","",0
"list_brain_pval_CLN4_NTC_DOWN","Brain_WT_CLN12_AND_CLN4_NTC_L115R_AND_CLN4_NTC_L116","",0
"list_brain_pval_CLN4_NTC_DOWN","Brain_WT_CLN3_Lux1_AND_Brain_WT_CLN3_Lux2_AND_Brain_WT_CLN12_AND_CLN4_NTC_L115R","",0
"list_brain_pval_CLN4_NTC_DOWN","Brain_WT_CLN3_Lux1_AND_Brain_WT_CLN3_Lux2_AND_Brain_WT_CLN12_AND_CLN4_NTC_L116","MAG",1
"list_brain_pval_CLN4_NTC_DOWN","Brain_WT_CLN3_Lux1_AND_Brain_WT_CLN3_Lux2_AND_CLN4_NTC_L115R_AND_CLN4_NTC_L116","",0
"list_brain_pval_CLN4_NTC_DOWN","Brain_WT_CLN3_Lux1_AND_Brain_WT_CLN12_AND_CLN4_NTC_L115R_AND_CLN4_NTC_L116","",0
"list_brain_pval_CLN4_NTC_DOWN","Brain_WT_CLN3_Lux2_AND_Brain_WT_CLN12_AND_CLN4_NTC_L115R_AND_CLN4_NTC_L116","",0
"list_brain_pval_CLN4_NTC_DOWN","Brain_WT_CLN3_Lux1_AND_Brain_WT_CLN3_Lux2_AND_Brain_WT_CLN12_AND_CLN4_NTC_L115R_AND_CLN4_NTC_L116","",0
"list_larvae_pval_CLN4_WT_UP","Larvae_CLN3_Lux1_wt","tloc1, zgc:101719, wu:fb96b08, PTBP2, zgc:77127, VPS26A, SUSD5, fb39b02, zgc:76940, CBX1, NXF3, SWT1, wu:fb69g03, otr, hmgn1a, CPVL, RNMT, ATP8B3, SLC25A47, kny, SLC25A51, si:ch211-110p13.1, NUP88, zgc:66488, MTDH, PTMA, MT-ND2, GTPBP1, zgc:153231, CLIC4, ANKRD24, TMC4, fhdc3, fc02d01, diras1, EXOSC1, si:ch211-170h2.4, MTA1, zgc:77429, fb74a08, wu:fj10g10, ch:af064832, LOC101882067, LOC103910729, FXYD6P3, itm1, gorasp1, MARCKSL1, zgc:110237, PPP2R1B, SDHAF3, OSBPL8, NDRG4, tpm1.3, wu:fj36c01, OPN1LW, cul9, MIP, ITGA5, STT3B, crp, wu:fb26a05, cvl2, si:dkey-47k20.8.1, zgc:92053, FOXRED1, NUCKS1, EIF4B, INPP5D, UPF3A, ALDH9A1, si:dkey-1f1.2, CPNE4, slc25a3.1, wu:fk53a11, NAALAD2, EIF5A, FRAS1, UTP20, QRFPR, cryba1l, zgc:136570, EP400, PSD3, LOC101882400, ROBO1, RGR, tpm4.1, FEN1, PPP2R1B, FBXO2, HTT, RAB26, MBD3, TPM1, zgc:100801, SLC25A3, STRA6, zgc:110608, EIF4B, TPM3, tpm2.1, sb:cb385, UBA2, zgc:109979, MT-ND5, cb674.2, OPN1LW, MYL2, CPNE4, ncbp1, PUM1, LOC108182767, ns:zf-e250, CHCHD6, ces2, zgc:103768, cb674.1, CORO6, MRPL10, RPS7, zgc:103551, NUP62, PTMA, tpm1.8, zmp:0000000846.1, nadl1.1, snrpfl, si:ch211-237l4.2, si:dkey-98f17.5, zgc:92116, soga3b, si:dkey-202g17.3, PARP2, zgc:77799, SRPRA, DOCK7, zgc:103443, im:7045267, KERA, zgc:92720, zgc:101613, tpm1.7, zgc:85935, ZMYND8, MYNN, TRIO, tpm2.2, PIP4K2C, OPN1SW, zgc:103663, SLC25A3, si:dkey-23a13.21, ZCCHC13, COL1A1, tpm4.2, TPM2, ENPP1, LOC110438752, tpm1.10, si:dkey-234n3.1, zgc:101559, tpm1.4, BTF3L4, H3C6, zgc:162825, SCG2, CCDC88A, H3-3A, wu:fb40a03, CRYGA, TPM2, si:dkey-245n4.2, TPM4, YWHAH, RPL23A, CAPRIN1, TPM4, im:7140733, tpm1.5, zgc:73373, atp5f1, zgc:86655, zgc:123327, MFHAS1, zK13A21.2, LOC110439404, ZZEF1, LBR, zgc:153863, LOC108183295, SKP1, NLGN1, LOC108183495, CDH4, TNMD, SRPX, RPL22, tjp1b.1, LOC559196, crybb1l1, HHATL, DPYSL2, ATP1B3, MAB21L1, GNGT2, zgc:63734, zgc:153192, TOM70, CPLX4, SLC25A24, NLRP1, wu:fb17a03, kcnk12l, NLGN3, VWA2, wu:fa28b06, ROBO3, RLBP1, INPP5K, zgc:109968, rtn2, RAB1B, CALN1, HBG2, fa08f12, LGALS2, SARAF, zgc:63718, zgc:77592, TMEM38A, anx6, tpm3.2, anx2a, EWSR1, wu:fb20a07, SNAP91, tpm1.2, ANX V, si:ch211-222l21.1, wu:fa93f05, zgc:55622.1, zgc:65861, tpm3.1, WDR82, MADD, si:dkey-237g15.4, TPM3, LOC566194, zgc:110460, si:ch211-107p11.3, wu:fi39b12, TPM1-1.2, TPM1, HKDC1, APOA4, im:6899248, wu:fb70e09, id:ibd1241, TPM1, si:ch211-127h20.1, RPS8, CAPRIN1, SI, si:ch211-215a10.5, PRPH2, WNT5A, CH73-211A15.2, THBS4, EMC3, tmp4, PRRC2B, zgc:92706, zgc:66078, RPS21, HNRNPA1, TXNL1, cpt1ab.1, wu:fd99b01, ADAM12, ap2a1.2, x, si:dkey-1k23.3, CCDC177, wu:fb39a11, RAB35, NDUFA4, cb836.1, zgc:113144, zgc:112138, SRSF3, zgc:86898, cb213.1, crygnb, efemp2, AGRN, zgc:158138, SRSF6, itgb1.1, a2ml.1",300
"list_larvae_pval_CLN4_WT_UP","Larvae_CLN3_Lux2_wt","RPTP[a], zgc:77725, JMJD8, TFRC, TMC4, si:ch211-170h2.4, SLC1A3, SLC1A3, zgc:92347, CPT1B, cb348, SDHAF3, MYOZ1, PPP2R5C, SET, im:6903440, THOC1, EZR, UPF3A, zgc:153192, si:dkey-97k23.2, NRCAM, cul9, zgc:66168, MAU2, UBC, RABGEF1, zgc:56097, FREM2, zgc:63662, CAMLG, KCNJ13, ARL6IP1, PTPRG, EMC3, CORO1C, zgc:163093, sept5a, SNRPA, crp, DDX4, CAPNS1, si:dkey-21n12.2, CPNE4, ap2a1.2, zgc:92209, eef1da.1, DLC1, si:dkeyp-92c9.4, si:ch211-212k18.4, PIP4K2C, zgc:111945, zgc:55648, zgc:86655",54
"list_larvae_pval_CLN4_WT_UP","Larvae_CLN12_wt","LOC101885844, zgc:92243, zgc:92053, WDR26, wu:fj62a01, wu:fj60e01, wu:fa01e01, im:7150907, zgc:63525, CYP27B1, ZMYND11, LYAR, CLDND1, RBM39, zgc:55492, PIP4K2C, zgc:77820, HNRNPC, si:dkey-23f9.3, CLP1, im:6905414, wu:fc38g05, KLHL30, im:6971267, id:ibd5050, GTPBP3, zgc:110112, zgc:110815, zgc:92901, SF3B6, GID8, NIBAN2, ARPC4, zgc:101719, RAB27B, YWHAZ, im:7136651, MT-ND4, zgc:153247, ATL1, SLC25A33, si:dkey-183j2.10, PDCL3, RAP1GDS1, wu:fb38c07, hspa4, MYO1E, LIIIa, zgc:55840, wu:fc06e01, CKB, zgc:77326, wu:fc15g12, zgc:85963, PRMT1, EMC1, PSMA6, ARL15, SLC25A1, Nav1.4b, CFL2, RPA1, im:6908825, MOGS, taf15.1, TRIO, SH3GL2, SLC2A1, atp5i, snrpfl, NIPSNAP2, SELENOF, BFSP1, ncam1a.1, fc74e05, RPL30, GALNT8, wu:fa98f07, zgc:112199, BAZ1B, TMEM160, GRIA1, PSAP, wu:fb18b07, BIGH3, COX7A2, TLK1, MBD3, UBR5, SIN3A, CHD7, PRRC2C, PTPN9, NXF3, zgc:123327, NDUFS4, zgc:103663, ADSL, ZNF576, SGCA, MAN1A2, PZP, CAST, SLC15A1, si:ch211-246f9.1, RAD21, DNAJC5, SART3, dnl2, TLE3, wu:fi04h11, zgc:136869, LOC100537361, H1-1, tpm1.7, LOC110439183, cb572, DNAJC5, NLGN2, tpm1.6, zgc:162271, DSC2, GSK3B, TPM1, LGALS2, zgc:86632, NAT1A, si:dkey-217k21.3, ano5a.1, USP7, rtn4.1, fk35b03, tpm1.3, SYP, si:dz150f13.2, db03h10, kif1b.1, TPM4, RTN4, skiv2l2, zgc:92850, CKB, NDUFV3, zgc:110617, CALR, KIDINS220, TPM1-1.1, wu:fc19f05, LUM, EEF1G, LOC569982, aldh2a, NAA50, zgc:63662, GCA, DPYSL2, zgc:77760, CTNNB1, MYO1B, gna11",160
"list_larvae_pval_CLN4_WT_UP","CLN4_L115_WT","CHMP1B, VBP1, CLEC10A, CTSB, SLC25A46, PDXK, ARL6IP5, ATP1B3, RPS24, PDAP1, DENR, NDUFAF2, SERPINB1A, ARPC3, RANGAP1, ITPA, CEP170B, CAST, FAM217A, AARS, MICU1, FXYD7, ATL1, NARS1, CTNNA2, HECTD1, HDX, FAM136A, EXOC3, UQCRH, OGDHL, TRPM1, GAPDHS, DHRS1, OXR1, CMBL, PRDM16, PLCH2, CORO2B, HBB-B1",40
"list_larvae_pval_CLN4_WT_UP","CLN4_L116_WT","ALG2, PPP2R5E, LTBP2, ATP1B3, RPS13, PDAP1, VPS26A, CSTB, PDE12, FSD1, PRPSAP1, NDUFAF2, BCAM, SMPD3, RPS5, AARS, GAK, ACSL6, CHMP5, FXYD7, TNRC6B, DLGAP3, UQCRH, EPN2, RPL31, LANCL2, NUDT10, HOMER3, KMT2A, CTNNB1, TARBP1, OGDHL, HDX, MICU3, MTX1, OXR1, CORO2B, RPS15A, GABBR2, PLCH2, NCAM2, KLC1",42
"list_larvae_pval_CLN4_WT_UP","Larvae_CLN3_Lux1_wt_AND_Larvae_CLN3_Lux2_wt","TMC4, si:ch211-170h2.4, SDHAF3, cul9, crp, UPF3A, CPNE4, PIP4K2C, zgc:86655, zgc:153192, EMC3, ap2a1.2",12
"list_larvae_pval_CLN4_WT_UP","Larvae_CLN3_Lux1_wt_AND_Larvae_CLN12_wt","zgc:101719, NXF3, tpm1.3, zgc:92053, MBD3, TPM1, snrpfl, tpm1.7, TRIO, PIP4K2C, zgc:103663, TPM4, zgc:123327, DPYSL2, LGALS2",15
"list_larvae_pval_CLN4_WT_UP","Larvae_CLN3_Lux1_wt_AND_CLN4_L115_WT","ATP1B3",1
"list_larvae_pval_CLN4_WT_UP","Larvae_CLN3_Lux1_wt_AND_CLN4_L116_WT","VPS26A, ATP1B3",2
"list_larvae_pval_CLN4_WT_UP","Larvae_CLN3_Lux2_wt_AND_Larvae_CLN12_wt","zgc:63662, PIP4K2C",2
"list_larvae_pval_CLN4_WT_UP","Larvae_CLN3_Lux2_wt_AND_CLN4_L115_WT","",0
"list_larvae_pval_CLN4_WT_UP","Larvae_CLN3_Lux2_wt_AND_CLN4_L116_WT","",0
"list_larvae_pval_CLN4_WT_UP","Larvae_CLN12_wt_AND_CLN4_L115_WT","ATL1, CAST",2
"list_larvae_pval_CLN4_WT_UP","Larvae_CLN12_wt_AND_CLN4_L116_WT","CTNNB1",1
"list_larvae_pval_CLN4_WT_UP","CLN4_L115_WT_AND_CLN4_L116_WT","ATP1B3, PDAP1, NDUFAF2, AARS, FXYD7, HDX, UQCRH, OGDHL, OXR1, PLCH2, CORO2B",11
"list_larvae_pval_CLN4_WT_UP","Larvae_CLN3_Lux1_wt_AND_Larvae_CLN3_Lux2_wt_AND_Larvae_CLN12_wt","PIP4K2C",1
"list_larvae_pval_CLN4_WT_UP","Larvae_CLN3_Lux1_wt_AND_Larvae_CLN3_Lux2_wt_AND_CLN4_L115_WT","",0
"list_larvae_pval_CLN4_WT_UP","Larvae_CLN3_Lux1_wt_AND_Larvae_CLN3_Lux2_wt_AND_CLN4_L116_WT","",0
"list_larvae_pval_CLN4_WT_UP","Larvae_CLN3_Lux1_wt_AND_Larvae_CLN12_wt_AND_CLN4_L115_WT","",0
"list_larvae_pval_CLN4_WT_UP","Larvae_CLN3_Lux1_wt_AND_Larvae_CLN12_wt_AND_CLN4_L116_WT","",0
"list_larvae_pval_CLN4_WT_UP","Larvae_CLN3_Lux1_wt_AND_CLN4_L115_WT_AND_CLN4_L116_WT","ATP1B3",1
"list_larvae_pval_CLN4_WT_UP","Larvae_CLN3_Lux2_wt_AND_Larvae_CLN12_wt_AND_CLN4_L115_WT","",0
"list_larvae_pval_CLN4_WT_UP","Larvae_CLN3_Lux2_wt_AND_Larvae_CLN12_wt_AND_CLN4_L116_WT","",0
"list_larvae_pval_CLN4_WT_UP","Larvae_CLN3_Lux2_wt_AND_CLN4_L115_WT_AND_CLN4_L116_WT","",0
"list_larvae_pval_CLN4_WT_UP","Larvae_CLN12_wt_AND_CLN4_L115_WT_AND_CLN4_L116_WT","",0
"list_larvae_pval_CLN4_WT_UP","Larvae_CLN3_Lux1_wt_AND_Larvae_CLN3_Lux2_wt_AND_Larvae_CLN12_wt_AND_CLN4_L115_WT","",0
"list_larvae_pval_CLN4_WT_UP","Larvae_CLN3_Lux1_wt_AND_Larvae_CLN3_Lux2_wt_AND_Larvae_CLN12_wt_AND_CLN4_L116_WT","",0
"list_larvae_pval_CLN4_WT_UP","Larvae_CLN3_Lux1_wt_AND_Larvae_CLN3_Lux2_wt_AND_CLN4_L115_WT_AND_CLN4_L116_WT","",0
"list_larvae_pval_CLN4_WT_UP","Larvae_CLN3_Lux1_wt_AND_Larvae_CLN12_wt_AND_CLN4_L115_WT_AND_CLN4_L116_WT","",0
"list_larvae_pval_CLN4_WT_UP","Larvae_CLN3_Lux2_wt_AND_Larvae_CLN12_wt_AND_CLN4_L115_WT_AND_CLN4_L116_WT","",0
"list_larvae_pval_CLN4_WT_UP","Larvae_CLN3_Lux1_wt_AND_Larvae_CLN3_Lux2_wt_AND_Larvae_CLN12_wt_AND_CLN4_L115_WT_AND_CLN4_L116_WT","",0
"list_larvae_pval_CLN4_WT_DOWN","Larvae_WT_CLN3_Lux1","DAPK2, TLN1, VDAC3, zgc:110766, RHOG, zgc:136591, TPPP, CAPN5, nsfb.1, OLA1, NBEA, SQSTM1, SNAP25, im:7159005, nap1l1.1, PTPRS, TKT, ddx3a.1, HNRNPL, PTK7, ATP6V0D1, si:dkey-46a12.1, MAPRE2, SEC23B, CTTNBP2, hnrnpl.1, KIF5B, zgc:112145, wu:fc12b01.1, wu:fc05g05, zgc:77130, im:7151680, TLK1, GGCX, ptprfa.1, AP1G1, HCCS, im:7145131, db03h10, THAP12, PSMC4, rbm4l, IGF1R, slc27a1, zgc:73056, wu:fc27c10, chunp6878, COL2A1, ppa1, zgc:66163, MT-CO1, NT5C1B, tbl1xr1, fbln1c, zgc:123028, ADD1, MRC2, dlg3.1, WASF1, CAMSAP1, CLSTN1, WNT3, si:ch211-142b24.6, ARR3, si:ch211-197g15.1, ano10, TNNC1, PAM, CELA1, NLRP12, zgc:92191, LOC103910577, si:ch211-214p16.3, SLC16A7, DCTN1, TUBA1C, SCP2D1, SNRPB, zgc:63525, RCE1, GIMAP8, DNAH6, zgc:136645, AFAP1, SCN4B, PRODH, im:7153080, SRP72, zgc:110736, zgc:92922, VPS16, MRI1, wu:fb14b06, zgc:153984, zgc:109973, wu:fi04d10, LOC561361, TNS1, rufy3.1, myom1b.1, ARHGAP4, RPE65, NCAPG2, CACNA2D1, si:ch211-156l18.7.1, zgc:55292, OGT, trdn.3, LOC108183703, PNO1, zgc:152998, RFX5, PTBP3, EMC6, BZW2, UBXN1, SUPT6H, MDH1B, H1-1, im:6788778, GRK7, HGS, ALDH4A1, RHBG, LOC108183841, si:dkey-29p10.4, UTRN, SLC44A1, wu:fj36c03, NMB, EIF3A, GABRB2, LRRC59, zgc:100964, si:dkey-20d21.12, DBN1, zgc:63561, zgc:55435, STAG2, CACNA2D2, si:ch211-250g4.3, GRM4, zgc:63475, syt2a.1, PTPRD, CLVS2, FLT4, zgc:86833, wu:fe48e09, zgc:73336, EVPLL, ACOT1, GATD1, HIP1R, HNRNPU, zgc:112265, crfb14.1, zgc:66054, LOC110437892, zgc:136571, si:dkey-207j16.6, vamp1, TIMM23, sc:d0347, zgc:56141, si:ch211-106h4.6, zgc:77820, cadpsb.2, ADD3, LOC571124, GNB5, si:ch73-386h18.1, si:ch211-220f16.2, si:ch211-243j20.4, USF1, wu:fb60b05, PNPLA7, PDLIM7, zgc:92292, CDC73, cyp2j28, trp2, ARF6, si:ch211-59d15.9, SYNE1, wu:fb38g12, MRPS7, UNC45B, KLHL41, wu:fj37a05, URGCP, zgc:100819, SCARF2, SLC17A7, LOC110440055, si:ch73-299h12.9, es1, rprd1b.1, wu:fd06h11, HSD17B10, PRKAR1B, or111-1, si:dkey-148b12.1, BSN, LOC103910524, TMX2, LOC110439496, zgc:85777, CUL3, LOC108183341, LOC110439248, SGCB, DLK2, LOC103910918, wu:fc92c07, LOC100007492, GIPC1, EEF2K, NRF1, PRSS1, CYC1, SRP54, golph3, si:dkey-12h3.1, ENTPD5, CACNA2D2, zgc:123326, XRCC2, zgc:194297, LOC103909927, fc21c08, CACNA2D1, rabgef1.1, mllt4a, TENM3, COL14A1, snrk1, fc04h11.1, ASPH, TRAPPC8, SCN8A, LDB3, si:rp71-68n21.9, si:rp71-1c10.1, LOC101882570, CHST10, wu:fb38h07, STK3, POU4F3, RAB3GAP1, nfyb, zgc:110188, FBXO40, ESYT2, CCNO, COPS3, znf1137, ddx26b, DOCK1, EPB41L3, zgc:114119, TNS2, si:zc14a17.8, POU5F2, cadpsa.1, hm:zeh0176, THOC5, LOC110437872, SLC4A1, PPM1G, zgc:110843, CYP2J2, RBMS2, SLC5A12, wu:fj36c02, adgre13, NDST1, CELF2, CIZ1",279
"list_larvae_pval_CLN4_WT_DOWN","Larvae_WT_CLN3_Lux2","YWHAE, zgc:92655, LOC100004582, zgc:92093, ATP6V0D1, COMP, SARS1, ARR3, rpl28l.1, CYC1, arfgef1.1, RYR2, TARBP2, SERBP1, NCAN, CALU, UTRN, camk2b.1, LOC103910577, si:dkey-29p10.4, NLRP12, myo18ab.1, zgc:171842, wu:fc46c10, wu:fb17f11, ACOT1, hras, CACNA2D2, EPB41L3, cadpsb.2, ATP5PF, wu:fc76h06, NEGR1, PPM1G, zgc:110825, RAB43, C1QBP, INPP4A, DCTN1, zgc:77758, STK3, USP9X, si:ch211-250g4.3, SRP72, EZR, LOC100003687, zgc:114119, CHST10, zgc:123266, GSTA1, LRRC59, ACOT1, GNB5, OGDHL, PNPLA7, GRK6, wu:fc27f12, THOC5, POU4F3, HID1, TAF7, RRBP1, DOCK1, fam122b, POU5F2, UNC45B, LOC108183303, RPL28, LOC108183341, NT5C1B, SLC5A12, si:ch211-287b5.1, WDR18, NDST1",74
"list_larvae_pval_CLN4_WT_DOWN","Larvae_WT_CLN12","zK13A21.2, CAMK2D, wu:fc31f07, LRCH1, si:ch211-106j24.1, zgc:73376, wu:fb01e12, NAP1L1, wu:fb77f12, METAP1, si:dkeyp-113d7.7, TKTL2, fm90e09, ABCC9, SRSF6, PACSIN3, fa18f02, zgc:73153, MYL7, si:dz180g5.3, im:7137110, UTRN, abraxas2b, zgc:73211, zgc:136367, zgc:77715, zgc:171842, zgc:56548, asph.1, zgc:194204, MAOA, wu:fb13h07, LAMB2, RAB2A, GPD2, MRPS7, zgc:66163, zgc:63701, CYC1, ank1b.1, PIGT, zgc:73347, fb19a06, MARK1, crtl1, zgc:101604, RBM12B, im:7139055, HSDL2, zgc:92234, cmlc1.1, ncbp1, ppa1, SPTB, MYH11, CNOT11, mg:ab03a02, UTP4, si:dkey-77n11.3, STMN1, wu:fc47b08, add1.1, mark2a.1, CACNA1S, cyp2j22.1, zgc:110219, CACNB1, si:dkey-175g6.5, PHB2, wu:fu10f07, dctn1a.1, ASB14, slc27a1, zgc:158642, si:ch211-127i16.2, zgc:56568, fb83e03, ATRX, im:7140733, zgc:110227, WASF1, fc50e01, SMARCC2, zgc:100889, SERBP1, TEX264, zgc:66110, RLBP1, wu:fb40d12, BPNT2, pigt.1, MT-ND3, LOC101886030, PNPLA7, POU5F2, AMPH, DCHS1, THBS3, zgc:77556, TARDBP, HSPE1, PRSS1, wu:fc76a05, PUM1, CACNA2D2, SETD3, ETF1, si:dkey-207j16.6, wu:fa97d12, si:ch211-233f16.1.1, HSBP1, SERPINF1, PRKCD, MRPL3, zgc:158677, HNRNPDL, HSD11B1L, zgc:171954, AASS, POR, ank2b.1, LOC103910188, ilf3b.1, MTX3, hmgb2, LOC110437806, wu:fi39b12, PFKP, IGF2BP2, PISD, CACNA2D1, LETMD1, COPS4, MARK4, ACOT9, LOC110438458, POMK, PHGDH, cacna2d2a.1, si:ch211-81a5.7, sept6.1, im:7153900, ALDH4A1, LZTS2, SNX8, si:ch211-48m9.1, zgc:101610, wu:fx03e08, MARK3, INPP5K, MAPRE3, plxnB2, HCFC1, MAP2K4, SH3KBP1, AP1G1, dnm2a.1, ADARB1, zgc:92566, ADARB1, CSE1L, AKAP1, USP6NL, RETSAT, HGD, zgc:63995, SLC7A8, CYP2J2, LOC110439787, im:6910498, si:ch211-69n2.2, LOC794952, RAC1, IGFBP3, PCDH1, wu:fc23c07, GNA13, RAC1, CADPS2, si:dkey-30j16.3, golph3, GRK3, im:7162273, si:dkey-190l1.2, FBXO40, phkb.1, zgc:77049, adam22.2, CACNA2D2, si:rp71-68n21.9, MRPS24, zgc:153680, PPP2CA, PPP2CA, IMPDH2, zgc:110843, zehn2383",197
"list_larvae_pval_CLN4_WT_DOWN","CLN4_WT_L115R","ESPN, GABBR2, AMPH, RPL18, ADD2, GPM6A, SLC3A2, ANXA11, CPLX2, RPL19, CNDP2, CPED1, ADRM1, SYNGAP1, GIT1, TNR, PDHA2, GNG2, SLC8A2, SYNPR, PGM3, HNRNPUL2, SFXN3, KRT17, MARCKSL1, SERPINA3H, WARS1, BRSK2, HADH, NRIP3, PPIB, PPP1R7, POLR1D, PCDHGC5, PPM1A, SLK, KARS1, PHKA1, PLEKHB1, BRCA1, NNT, Q9D2K6, GRIN3A, ABL2, NDUFB9, PAFAH1B2, A0A0A0UEG7, WASHC2, EPHA4, ENPP6, LRRTM1, OPA3, CAPRIN1, DDX1, DNAJC5, BRK1",56
"list_larvae_pval_CLN4_WT_DOWN","CLN4_WT_L116","ARHGEF12, PRKCG, SYNPR, CHGA, SYNGAP1, CGN, ALDH1L1, TSNAXIP1, PSMA7, MYH9, TIMM13, PPM1A, NUP93, EIF2S1, NPTXR, RAB11A, RIMS4, RUNDC3B, BRD2, ATP8A1, ATP5ME, DNAJC10, TMEM30A, MYO5A, POR, AAK1, LUC7L2, MTPN, Q9D2K6, BAMBI, RGL2, PIP5K1C, WASHC2, PLPBP, VAC14, PSMB2, SRM, S100A6, NKX1-1, CCDC6, APLP1, PPME1, PCBP4, VPS35, PIP4K2C, HEPACAM, AREG, DNAJB11, KPNA4, PALS2, BRK1, ADK, DNAJC5, TMEM67, PAFAH1B2, A0A0A0UEG7, CHCHD6, HSD17B4, HAPLN2, SLC8A1",60
"list_larvae_pval_CLN4_WT_DOWN","Larvae_WT_CLN3_Lux1_AND_Larvae_WT_CLN3_Lux2","ATP6V0D1, NT5C1B, ARR3, NLRP12, LOC103910577, DCTN1, SRP72, si:dkey-29p10.4, UTRN, LRRC59, CACNA2D2, si:ch211-250g4.3, ACOT1, cadpsb.2, GNB5, PNPLA7, UNC45B, LOC108183341, CYC1, CHST10, STK3, POU4F3, DOCK1, EPB41L3, zgc:114119, POU5F2, THOC5, PPM1G, SLC5A12, NDST1",30
"list_larvae_pval_CLN4_WT_DOWN","Larvae_WT_CLN3_Lux1_AND_Larvae_WT_CLN12","AP1G1, slc27a1, ppa1, zgc:66163, WASF1, CACNA2D1, ALDH4A1, UTRN, CACNA2D2, si:dkey-207j16.6, PNPLA7, MRPS7, PRSS1, CYC1, golph3, si:rp71-68n21.9, FBXO40, POU5F2, zgc:110843, CYP2J2",20
"list_larvae_pval_CLN4_WT_DOWN","Larvae_WT_CLN3_Lux1_AND_CLN4_WT_L115R","",0
"list_larvae_pval_CLN4_WT_DOWN","Larvae_WT_CLN3_Lux1_AND_CLN4_WT_L116","",0
"list_larvae_pval_CLN4_WT_DOWN","Larvae_WT_CLN3_Lux2_AND_Larvae_WT_CLN12","CYC1, SERBP1, UTRN, zgc:171842, CACNA2D2, PNPLA7, POU5F2",7
"list_larvae_pval_CLN4_WT_DOWN","Larvae_WT_CLN3_Lux2_AND_CLN4_WT_L115R","",0
"list_larvae_pval_CLN4_WT_DOWN","Larvae_WT_CLN3_Lux2_AND_CLN4_WT_L116","",0
"list_larvae_pval_CLN4_WT_DOWN","Larvae_WT_CLN12_AND_CLN4_WT_L115R","AMPH",1
"list_larvae_pval_CLN4_WT_DOWN","Larvae_WT_CLN12_AND_CLN4_WT_L116","POR",1
"list_larvae_pval_CLN4_WT_DOWN","CLN4_WT_L115R_AND_CLN4_WT_L116","SYNGAP1, SYNPR, PPM1A, Q9D2K6, PAFAH1B2, A0A0A0UEG7, WASHC2, DNAJC5, BRK1",9
"list_larvae_pval_CLN4_WT_DOWN","Larvae_WT_CLN3_Lux1_AND_Larvae_WT_CLN3_Lux2_AND_Larvae_WT_CLN12","UTRN, CACNA2D2, PNPLA7, CYC1, POU5F2",5
"list_larvae_pval_CLN4_WT_DOWN","Larvae_WT_CLN3_Lux1_AND_Larvae_WT_CLN3_Lux2_AND_CLN4_WT_L115R","",0
"list_larvae_pval_CLN4_WT_DOWN","Larvae_WT_CLN3_Lux1_AND_Larvae_WT_CLN3_Lux2_AND_CLN4_WT_L116","",0
"list_larvae_pval_CLN4_WT_DOWN","Larvae_WT_CLN3_Lux1_AND_Larvae_WT_CLN12_AND_CLN4_WT_L115R","",0
"list_larvae_pval_CLN4_WT_DOWN","Larvae_WT_CLN3_Lux1_AND_Larvae_WT_CLN12_AND_CLN4_WT_L116","",0
"list_larvae_pval_CLN4_WT_DOWN","Larvae_WT_CLN3_Lux1_AND_CLN4_WT_L115R_AND_CLN4_WT_L116","",0
"list_larvae_pval_CLN4_WT_DOWN","Larvae_WT_CLN3_Lux2_AND_Larvae_WT_CLN12_AND_CLN4_WT_L115R","",0
"list_larvae_pval_CLN4_WT_DOWN","Larvae_WT_CLN3_Lux2_AND_Larvae_WT_CLN12_AND_CLN4_WT_L116","",0
"list_larvae_pval_CLN4_WT_DOWN","Larvae_WT_CLN3_Lux2_AND_CLN4_WT_L115R_AND_CLN4_WT_L116","",0
"list_larvae_pval_CLN4_WT_DOWN","Larvae_WT_CLN12_AND_CLN4_WT_L115R_AND_CLN4_WT_L116","",0
"list_larvae_pval_CLN4_WT_DOWN","Larvae_WT_CLN3_Lux1_AND_Larvae_WT_CLN3_Lux2_AND_Larvae_WT_CLN12_AND_CLN4_WT_L115R","",0
"list_larvae_pval_CLN4_WT_DOWN","Larvae_WT_CLN3_Lux1_AND_Larvae_WT_CLN3_Lux2_AND_Larvae_WT_CLN12_AND_CLN4_WT_L116","",0
"list_larvae_pval_CLN4_WT_DOWN","Larvae_WT_CLN3_Lux1_AND_Larvae_WT_CLN3_Lux2_AND_CLN4_WT_L115R_AND_CLN4_WT_L116","",0
"list_larvae_pval_CLN4_WT_DOWN","Larvae_WT_CLN3_Lux1_AND_Larvae_WT_CLN12_AND_CLN4_WT_L115R_AND_CLN4_WT_L116","",0
"list_larvae_pval_CLN4_WT_DOWN","Larvae_WT_CLN3_Lux2_AND_Larvae_WT_CLN12_AND_CLN4_WT_L115R_AND_CLN4_WT_L116","",0
"list_larvae_pval_CLN4_WT_DOWN","Larvae_WT_CLN3_Lux1_AND_Larvae_WT_CLN3_Lux2_AND_Larvae_WT_CLN12_AND_CLN4_WT_L115R_AND_CLN4_WT_L116","",0
"list_brain_pval_CLN4_WT_UP","Brain_CLN3_Lux1_wt","si:dkey-178o16.4, ALCAM, zgc:77758, SMIM8, selenow, LOC101884482, ISOC1, EPHB2, DMRT2, wu:ft69e01, si:dkey-96g2.1, CFHR4, PRMT8, pdcd8, zgc:92415, HDHD3, DNAJC2, glur4a, LOC101884860, PUF60, RP1L1, wu:fu10f07, ACP7, zgc:56377, atp5d, GDPD4, zgc:153569, HAPLN1, CREBBP, si:rp71-1f1.7, RHCE, TNFSF15, TNFSF10, PRMT1, si:dkey-40g16.6, DLC1, MARK3, CRALBPa, GNS, zgc:66110, zgc:113590, RNPS1, PRKAR1A, si:rp71-1m12.2, DNAI1, LOC110438254, Gria1.1, ARRB1, si:ch211-160f23.5, LOC101882267, NACA, FLNC, ACADSB, SNX17, LOC110438106, LOC110437786, NCAM1, PRKCD, zgc:63716, RBSN, SPDL1, PLEC, MYL1, PRKCD, tpd52l2b.1, si:dkeyp-80c12.9, GID8, CELSR1, MARK2, elavl4.1, LOC100535415, CCT8, APOB, MAP2K7, wu:fb99a03, zgc:114137, LOC101886459, ATP6AP1, LOC103908614, RALDH2, ACTR2, TAF7, AKAP1, B4GALNT2, wu:fc76h06, DPYS, NDUFA4L2, si:dkey-121j17.1, NLRP12, znf1004, TGFBR2, zgc:92114, RGS7, GRIA2, RABGEF1, wu:fb37e03, PFKP, MAP2K4, ACTR2, RGN, zgc:171842, fb54c08, si:ch211-240l19.7, SRSF8, MB, wu:fc55e11, MYH7B, zgc:158236, UBA5, PCARE, GPR174, fa22h09.1, cyp2j22, FLT4, RPS18, ZNF516, PDGFRA, PHGDH, sb:eu937, si:ch211-207o17.2, CALR, LOC100005187, zgc:63523.1, tnika.1, HS6ST2, si:dkey-151g10.3, MAP1B, TRIM16, ATP13A3, wu:fj66f02, zgc:56717, LOC101884295, MINK1",133
"list_brain_pval_CLN4_WT_UP","Brain_CLN3_Lux2_wt","slc8a3.1, ALCAM, zgc:113590, ZEB2, ISOC1, SNAP29, FTSJ3, ARID1B, RFLNA, HDHD3, SPINT1, CFHR4, RP1L1, CRALBPa, nitr1l_3, AKAP1, EPHB2, NAXE, RHCE, SORBS2, QKI, si:dkey-20d21.7, LOC108183349, glur4a, LOC101884482, DLC1, INVS, PRMT1, si:dkey-40g16.6, hspa4, si:dkey-51e6.1, LOC558721, wu:fc76h06, Gria1.1, LOC110439897, si:ch211-173k16.6, cb193, IGSF5, wu:fb60b05, TMX2, HAPLN1, FASN, NR0B2, HRAS, ATP8B3, ACTR2, GDPD4, glur1a, ACADSB, LOC100535415, ACTR2, KIF3B, MAPRE2, GPR174, DYNC1LI1, GCLC, wu:fu10f07, im:7151832, CREBBP, ITGA11, OPCML, si:dkey-85n7.2, PRMT8, zgc:110298, wu:fd60d11.1, RAN, NRG1, BORCS7, zgc:153935, RAB6A, zgc:73107, wu:ft69e01, HSBP1, acsl2, CSPG5, wu:fi43a11, H1-1, MFSD6, zgc:64070, FSCN1, PPP3CA, elavl4.4, FER1L4, KIF3A, im:7152528, zgc:56092, LOC108183498, THOP1, LOC110439431, si:ch211-154e15.3, TNFSF15, wu:fb25g12, MS4A6E, LOC103909492, ZNF646, cspg5a.1, LOC100148332, ARRB1, cspg5a.2, elavl4.1, sult3st1, zgc:92114, zgc:112014, TNFSF10, GRIA4, LOC568664.2, CKM, si:dkey-202n14.1, LOC110437708, si:dkey-183k8.2, RPL19, si:rp71-1m12.2, GNAI3, si:ch211-216k22.8, GID8, CFAP126, GET3, ATP6AP1, FLNC, MTSS2, cspg5a.3, PCDH1, zgc:66110, WNT11, IBA57, KCTD12, zgc:63716, LOC108183316, zgc:77592, syt1b.1, RAB8B, im:7151472, PRPH, im:7137110, zgc:171842, zgc:56136, zgc:109832, CRABP1, SYT2, LOC110438254, fa22h09.1, wu:fb99a03, sh3gl1b.1, USP7, ALDH9A1, SPDL1, myhc3, ADH1A, cb523, wu:fj47f07, si:ch211-240l19.7, ZNF516, GRIA1, STOML3, zgc:73124, RAB2A, SEPTIN10, zgc:55524, CORO1C, STK31, fc28d04, RPL8, YWHAE, GPHN, SYT1, cb710, si:ch211-160f23.5, PDGFRA, PFKP, NDUFS8, cyp2j22, IARS1, znf1004, EIF3A, HP1BP3, sh3glb2a.1, PASD1, pvrl1b, LOC567924, zgc:101838, LETM1, GRIA4, apoa4, zgc:56049, PRKCD, gna11, im:6906552, HSP90AB1, PLCH2, CYFIP1, a2ml.1, MYH9, zgc:56717, RTN3, GSPT2",195
"list_brain_pval_CLN4_WT_UP","Brain_CLN12_wt","slc8a3.1, wu:fb60f06, si:dkey-178o16.4, ALCAM, SMIM8, BAG2, ACP7, EPHB2, IGSF5, wu:ft69e01, zgc:66110, ISOC1, CREBBP, CFHR4, zgc:113590, si:dkey-40g16.6, GDPD4, fa96h11, zgc:165641, HDHD3, SPINT1, CCT8, FTSJ3, TNFSF10, RHCE, DMRT2, fb95d11, RGS7, zgc:92415, PRMT8, EIF5A, MARK2, sh3glb2a.1, SORBS2, LOC110438689, glur4a, wu:fu10f07, DNAJC2, CLINT1, NCAM2, zgc:64070, CELSR1, si:ch211-240l19.7, ACTR2, ACTR2, TLP19, fa22h09.1, ARID1B, NR0B2, si:dkey-85n7.2, IBA57, zgc:153569, sfrs11, wu:fb99a03, FASN, LOC110438475, NAXE, MAPRE2, CUL1, mark2b.1, GSN, sh3glb2b.1, IL-12 p40, LOC100150882, HHIPL2, si:dkey-200h23.3, SCN8A, RNPS1, PUF60, NKAIN2, HAPLN1, TMX2, AKAP1, kif5ba.1, OPCML, SRRT, si:dkey-96g2.1, CRABP1, LOC110437786, TAF7, zgc:56377, cd9l, SH3GLB2, mark2a.1, zgc:110670, wu:fa56a07, THSD7B, si:dkey-245i2.13, zgc:63716, GNA11, MAP6D1, tpd52l2b.1, MARK3, RMDN1, SYT7, si:rp71-1f1.7, elavl4.4, si:dkey-51e6.1, wu:fj98c08, PPP2R5B, FLNC, EPB41L1, ARRB1, si:dkeyp-80c12.9, MYL1, ARL6IP5, ACADSB, elavl4.1, sult3st1, camk2d2.1, PCDH1, MYO1H, RABGEF1, LOC101886459, ATP13A3, ARL15, WDR48, RAPGEF2, mg:bb02g11, SRSF8, RGN, zgc:77130, wu:fc76h06, znf1004, gna11, wu:fc55e11, camk2d2.3, NDUFS8, CAMK2B, wu:fb14b06, CRALBPa, GGA1, PLCH2, zgc:56317, RALDH2, FBXO41, NACA, zgc:158236, zgc:171842, TNFSF15, zgc:91930, LOC100535415, STRN, zgc:92771, nitr1l_3, wu:fb37e03, LOC101884860, zgc:92573, wu:fb02c08, CCT6B, PRKCD, zgc:86841, slc12a7a.1, LOC569025, LAGE3, GRIA4, LOC110438254, SGTA, aox6, CDV3, F3.1, PIP4K2A, GNS, sh3gl1b.1, zgc:92114, ASPH, GID8, LOC798483, DHRS4L2, PHB2, farsl, SH3GLB2, LOC100005187, PFKP, GPR174, PRMT1, actr2a.1, LETM1, acsl2, camk2b1.2, LOC101884295, IARS1, SLC12A4, wu:fd08c05, NLRP12, ATP6AP1, PPP1R14B, NLRP12, ppp2r5cb.1, H1-1, SFXN4, KIF4A, BHMT, im:7151472, MFSD6, SOD1, NLRP12, FTO, MAP2K7, LOC110437708, zgc:56717, cyp2j22, CAMK2D, zgc:56136, PCDH15, PRKCD, LOC110438106, wu:fb40d12, FSD1, SPTBN5, gm6a, MRPS9, si:ch211-165e15.1, SPDL1, APOB, syncrip.1, ZNF516, NDUFA4L2, slc12a7b.1, ADH1A, wu:fb11c11, wu:fb61d08, PTGER1, kiaa1024l, HNRNPDL, ELAVL4, PWWP3A, si:dkey-121j17.1, zgc:123320, CYB5R3, si:ch211-207o17.2, camk2b.1, CRABP1, MINK1, zgc:77288, SYT7, zgc:55524, snrpfl, CALR, MYH9, GRIA4, LOC103908614, elavl4.3, zgc:110298, im:7151832, si:ch211-160f23.5, B4GALNT2, EPN1, wu:fj85f11, gm6a.1, GRIA2, LOC108190403.1, PLEC, clasp2.1, SLC4A8, zgc:123215, znf469, RHOA, slc12a7a.2, fb24b05, zgc:109889, hnrpr",262
"list_brain_pval_CLN4_WT_UP","CLN4_L115_WT","CHMP1B, VBP1, CLEC10A, CTSB, SLC25A46, PDXK, ARL6IP5, ATP1B3, RPS24, PDAP1, DENR, NDUFAF2, SERPINB1A, ARPC3, RANGAP1, ITPA, CEP170B, CAST, FAM217A, AARS, MICU1, FXYD7, ATL1, NARS1, CTNNA2, HECTD1, HDX, FAM136A, EXOC3, UQCRH, OGDHL, TRPM1, GAPDHS, DHRS1, OXR1, CMBL, PRDM16, PLCH2, CORO2B, HBB-B1",40
"list_brain_pval_CLN4_WT_UP","CLN4_L116_WT","ALG2, PPP2R5E, LTBP2, ATP1B3, RPS13, PDAP1, VPS26A, CSTB, PDE12, FSD1, PRPSAP1, NDUFAF2, BCAM, SMPD3, RPS5, AARS, GAK, ACSL6, CHMP5, FXYD7, TNRC6B, DLGAP3, UQCRH, EPN2, RPL31, LANCL2, NUDT10, HOMER3, KMT2A, CTNNB1, TARBP1, OGDHL, HDX, MICU3, MTX1, OXR1, CORO2B, RPS15A, GABBR2, PLCH2, NCAM2, KLC1",42
"list_brain_pval_CLN4_WT_UP","Brain_CLN3_Lux1_wt_AND_Brain_CLN3_Lux2_wt","ALCAM, LOC101884482, ISOC1, EPHB2, wu:ft69e01, CFHR4, PRMT8, HDHD3, glur4a, RP1L1, wu:fu10f07, GDPD4, HAPLN1, CREBBP, RHCE, TNFSF15, TNFSF10, PRMT1, si:dkey-40g16.6, DLC1, CRALBPa, zgc:66110, zgc:113590, si:rp71-1m12.2, LOC110438254, Gria1.1, ARRB1, si:ch211-160f23.5, FLNC, ACADSB, PRKCD, zgc:63716, SPDL1, GID8, elavl4.1, LOC100535415, wu:fb99a03, ATP6AP1, ACTR2, AKAP1, wu:fc76h06, znf1004, zgc:92114, PFKP, zgc:171842, si:ch211-240l19.7, GPR174, fa22h09.1, cyp2j22, ZNF516, PDGFRA, zgc:56717",52
"list_brain_pval_CLN4_WT_UP","Brain_CLN3_Lux1_wt_AND_Brain_CLN12_wt","si:dkey-178o16.4, ALCAM, SMIM8, ISOC1, EPHB2, DMRT2, wu:ft69e01, si:dkey-96g2.1, CFHR4, PRMT8, zgc:92415, HDHD3, DNAJC2, glur4a, LOC101884860, PUF60, wu:fu10f07, ACP7, zgc:56377, GDPD4, zgc:153569, HAPLN1, CREBBP, si:rp71-1f1.7, RHCE, TNFSF15, TNFSF10, PRMT1, si:dkey-40g16.6, MARK3, CRALBPa, GNS, zgc:66110, zgc:113590, RNPS1, LOC110438254, ARRB1, si:ch211-160f23.5, NACA, FLNC, ACADSB, LOC110438106, LOC110437786, PRKCD, zgc:63716, SPDL1, PLEC, MYL1, tpd52l2b.1, si:dkeyp-80c12.9, GID8, CELSR1, MARK2, elavl4.1, LOC100535415, CCT8, APOB, MAP2K7, wu:fb99a03, LOC101886459, ATP6AP1, LOC103908614, RALDH2, ACTR2, TAF7, AKAP1, B4GALNT2, wu:fc76h06, NDUFA4L2, si:dkey-121j17.1, NLRP12, znf1004, zgc:92114, RGS7, GRIA2, RABGEF1, wu:fb37e03, PFKP, RGN, zgc:171842, si:ch211-240l19.7, SRSF8, wu:fc55e11, zgc:158236, GPR174, fa22h09.1, cyp2j22, ZNF516, si:ch211-207o17.2, CALR, LOC100005187, ATP13A3, zgc:56717, LOC101884295, MINK1",95
"list_brain_pval_CLN4_WT_UP","Brain_CLN3_Lux1_wt_AND_CLN4_L115_WT","",0
"list_brain_pval_CLN4_WT_UP","Brain_CLN3_Lux1_wt_AND_CLN4_L116_WT","",0
"list_brain_pval_CLN4_WT_UP","Brain_CLN3_Lux2_wt_AND_Brain_CLN12_wt","slc8a3.1, ALCAM, zgc:113590, ISOC1, FTSJ3, ARID1B, HDHD3, SPINT1, CFHR4, CRALBPa, nitr1l_3, AKAP1, EPHB2, NAXE, RHCE, SORBS2, glur4a, PRMT1, si:dkey-40g16.6, si:dkey-51e6.1, wu:fc76h06, IGSF5, TMX2, HAPLN1, FASN, NR0B2, ACTR2, GDPD4, ACADSB, LOC100535415, MAPRE2, GPR174, wu:fu10f07, im:7151832, CREBBP, OPCML, si:dkey-85n7.2, PRMT8, zgc:110298, wu:ft69e01, acsl2, H1-1, MFSD6, zgc:64070, elavl4.4, TNFSF15, ARRB1, elavl4.1, sult3st1, zgc:92114, TNFSF10, GRIA4, LOC110437708, GID8, ATP6AP1, FLNC, PCDH1, zgc:66110, IBA57, zgc:63716, im:7151472, zgc:171842, zgc:56136, CRABP1, LOC110438254, fa22h09.1, wu:fb99a03, sh3gl1b.1, SPDL1, ADH1A, si:ch211-240l19.7, ZNF516, zgc:55524, si:ch211-160f23.5, PFKP, NDUFS8, cyp2j22, IARS1, znf1004, sh3glb2a.1, LETM1, PRKCD, gna11, PLCH2, MYH9, zgc:56717",86
"list_brain_pval_CLN4_WT_UP","Brain_CLN3_Lux2_wt_AND_CLN4_L115_WT","PLCH2",1
"list_brain_pval_CLN4_WT_UP","Brain_CLN3_Lux2_wt_AND_CLN4_L116_WT","PLCH2",1
"list_brain_pval_CLN4_WT_UP","Brain_CLN12_wt_AND_CLN4_L115_WT","ARL6IP5, PLCH2",2
"list_brain_pval_CLN4_WT_UP","Brain_CLN12_wt_AND_CLN4_L116_WT","NCAM2, PLCH2, FSD1",3
"list_brain_pval_CLN4_WT_UP","CLN4_L115_WT_AND_CLN4_L116_WT","ATP1B3, PDAP1, NDUFAF2, AARS, FXYD7, HDX, UQCRH, OGDHL, OXR1, PLCH2, CORO2B",11
"list_brain_pval_CLN4_WT_UP","Brain_CLN3_Lux1_wt_AND_Brain_CLN3_Lux2_wt_AND_Brain_CLN12_wt","ALCAM, ISOC1, EPHB2, wu:ft69e01, CFHR4, PRMT8, HDHD3, glur4a, wu:fu10f07, GDPD4, HAPLN1, CREBBP, RHCE, TNFSF15, TNFSF10, PRMT1, si:dkey-40g16.6, CRALBPa, zgc:66110, zgc:113590, LOC110438254, ARRB1, si:ch211-160f23.5, FLNC, ACADSB, PRKCD, zgc:63716, SPDL1, GID8, elavl4.1, LOC100535415, wu:fb99a03, ATP6AP1, ACTR2, AKAP1, wu:fc76h06, znf1004, zgc:92114, PFKP, zgc:171842, si:ch211-240l19.7, GPR174, fa22h09.1, cyp2j22, ZNF516, zgc:56717",46
"list_brain_pval_CLN4_WT_UP","Brain_CLN3_Lux1_wt_AND_Brain_CLN3_Lux2_wt_AND_CLN4_L115_WT","",0
"list_brain_pval_CLN4_WT_UP","Brain_CLN3_Lux1_wt_AND_Brain_CLN3_Lux2_wt_AND_CLN4_L116_WT","",0
"list_brain_pval_CLN4_WT_UP","Brain_CLN3_Lux1_wt_AND_Brain_CLN12_wt_AND_CLN4_L115_WT","",0
"list_brain_pval_CLN4_WT_UP","Brain_CLN3_Lux1_wt_AND_Brain_CLN12_wt_AND_CLN4_L116_WT","",0
"list_brain_pval_CLN4_WT_UP","Brain_CLN3_Lux1_wt_AND_CLN4_L115_WT_AND_CLN4_L116_WT","",0
"list_brain_pval_CLN4_WT_UP","Brain_CLN3_Lux2_wt_AND_Brain_CLN12_wt_AND_CLN4_L115_WT","PLCH2",1
"list_brain_pval_CLN4_WT_UP","Brain_CLN3_Lux2_wt_AND_Brain_CLN12_wt_AND_CLN4_L116_WT","PLCH2",1
"list_brain_pval_CLN4_WT_UP","Brain_CLN3_Lux2_wt_AND_CLN4_L115_WT_AND_CLN4_L116_WT","PLCH2",1
"list_brain_pval_CLN4_WT_UP","Brain_CLN12_wt_AND_CLN4_L115_WT_AND_CLN4_L116_WT","PLCH2",1
"list_brain_pval_CLN4_WT_UP","Brain_CLN3_Lux1_wt_AND_Brain_CLN3_Lux2_wt_AND_Brain_CLN12_wt_AND_CLN4_L115_WT","",0
"list_brain_pval_CLN4_WT_UP","Brain_CLN3_Lux1_wt_AND_Brain_CLN3_Lux2_wt_AND_Brain_CLN12_wt_AND_CLN4_L116_WT","",0
"list_brain_pval_CLN4_WT_UP","Brain_CLN3_Lux1_wt_AND_Brain_CLN3_Lux2_wt_AND_CLN4_L115_WT_AND_CLN4_L116_WT","",0
"list_brain_pval_CLN4_WT_UP","Brain_CLN3_Lux1_wt_AND_Brain_CLN12_wt_AND_CLN4_L115_WT_AND_CLN4_L116_WT","",0
"list_brain_pval_CLN4_WT_UP","Brain_CLN3_Lux2_wt_AND_Brain_CLN12_wt_AND_CLN4_L115_WT_AND_CLN4_L116_WT","PLCH2",1
"list_brain_pval_CLN4_WT_UP","Brain_CLN3_Lux1_wt_AND_Brain_CLN3_Lux2_wt_AND_Brain_CLN12_wt_AND_CLN4_L115_WT_AND_CLN4_L116_WT","",0
"list_brain_pval_CLN4_WT_DOWN","Brain_WT_CLN3_Lux1","CD99L2, tmt2a, UFM1, PKM, LONP1, ALDH5A1, TAOK1, MDH1, GPX4, TUBB2B, MDH1, si:dkeyp-97b10.3, si:dkey-183j2.10, GAD1, PPP3CC, SETDB1, TPP1, rca2.1, ca16c, DNM1, DNM1, PSMC3, CPNE1, zgc:110130, OGDH, CTBP1, zgc:152945, NBEA, ANKRD13D, ncam1a.2, si:ch211-197g15.7, si:ch73-6k16.1, TAOK2, sept7b.1, LOC103910528, ADCK5, CAMKV, CACNA2D2, NBEA, LOC103911781, aak1b.1, G6PD, RHOT1, cadpsb.2, dnm1a.1, ADD2, PRPS1, SHANK3, gnal2.1, WDR7, zgc:112265, NECTIN2, dnm1b.1, MECR, GNB4, GPHN, RCAN1, OXR1, ANK1, NPC2, DNM3, oxr1a.1, dnm1a.2, JUP, FLNA, PNP, RPS24, GNG4, dnm1a.3, caskin1.1, TUBA3C, atp2b3a.2, cita.1, CD58, gad1a.1, BTF3L4, dnm1a.4, SLC4A10, ATG7, GPR153, sept8b, INPP1, TNPO1, YWHAG, cb572, UBE2L3, ZNF346, zgc:171263, ppp3cc.1, fk35d04, CFDP1, aldh5a1.1, sb:cb578, C6orf58, SLC38A3, PPP2R1B, CK, BRK1, FKBP2, wu:fb25h12, SYP, RENBP, ALDOC, si:ch211-208d15.4, EIF4A3, HBE1, cb944, TUBA1C, DNM1, si:ch73-199e17.1, XPO1, RAP2A, cyldl, TUBA4A, PRSS51, si:ch1073-174d20.2, NAMPT, KCNA1, CARS1, si:rp71-68n21.9, ELFN1, wu:fc22f04, zgc:55622, mg:bb03b10, im:6910498, MAG, add2.1, SLC6A1, zgc:56390, ADSL, si:ch211-214k9.2, cox4i1l, GAD2, DLAT, atp5j2, wu:fc19f05, ATP2B1, THBS2, zgc:152801, ATP5F1A, PRKAR2A, zgc:153633, fj41e11, zgc:152998, zgc:136759, si:dkey-180p18.9, si:dkey-242m13.1, BASP1, zgc:136908, RAD23A, RTN4, zgc:112352, wu:fj35g11, FDPS, sept7a.1, tubb2a, zgc:112318, si:zc14a17.2, zgc:112431, gatd3a, NCCRP1, zgc:110843, zgc:113267, RPS17, cb718, wu:fl70d04, im:7138781, cb523, si:dkey-12h9.4, si:ch211-147c1.2, zgc:103663, zgc:101719, atp5f1, zgc:101527, sept8a, HINT1, zgc:92093, wu:fb95e09, NDRG1, ACAT1, sept5b.1, zgc:100851, CYRIA, zgc:101117, zgc:100962, ACLY, zgc:92872, si:dkey-110p14.2, GSTK1, zgc:92716, zgc:92709, EIF3G, zgc:91952, zgc:91972, ENO3, zgc:86714, sb:cb121, TUBA1A, wu:fj17f09, zgc:77034, wu:fa20d10, ILF2, ARPC4, TEX264, XPNPEP1, atp[a]3B, tubb2c, GLO1, NOP5/NOP58, RPL23, H2BC1, RPL10A, zgc:73056, TAGLN, zgc:66343, FH, ahsa1l, CAMKV, zgc:63505, SH3BGRL, RAB7A, cdv3.2, zgc:63976, TCEA1, mdh1a, RAB1B, sb:cb425, RPL30, DNAJA2, RAB5A, wu:fd59b07, zgc:56176, im:7153900, fa93f03, wu:fi16g01, PKM, wu:fi04h11, YWHAE, zgc:56637, ECHS1, CDC5L, GNB1L, diras1, wu:fc21f08, sly1, CTSD, VAT1, ba2, sb:eu836, ADCYAP1, atp1a1l5, atp[a]1A2a, atp1a1l2, atp1a2, LDHB, LDHA, tpp2.1, si:dkey-261m9.19, X1WHL7, Q803L1, B8JHQ5, Q7SZC9",262
"list_brain_pval_CLN4_WT_DOWN","Brain_WT_CLN3_Lux2","dnm1a.1, si:ch211-165e15.1.2, PRKCB, YWHAG, zgc:114181, ACAT1, atp6v0a1, MDH1, maptb.1, atp2b3a.2, zgc:103549, LOC100000597, MDH1, krt18, im:7153900, SEPTIN6, CSTB, MARCKSL1, zehn2383, CRIP1, gstp1, ADCK5, zgc:56210, im:7151758, atp[a]1A2a, HINT1, gad1a.2, SERPINA1, DNM1, SGSM1, dnm1a.4, mdh1a, LOC101884850, zgc:65844, MARCKSL1, ank2b.2, wu:fj45g03, VAPB, DPF3, H1-1, SLC4A4, ABI2, wu:fa20d10, ATP2B1, BSN, wu:fc21f08, MAP6, FDXR, PTPRD, PPP3CC, zgc:77174, LOC100004582, zgc:73210, LAMP, SYP, si:dkey-12h9.4, ENO3, dnm1a.3, CHCHD6, dnm1b.1, PSME2, SSBP1, gnas.1, DNM1, ATP5PD, AUTS2, cdc42a.1, samm50b, LOC797311, si:zc14a17.2, PLCB3, wu:fi04h11, nitr3d_2, PPP3R1, fb71h06, zgc:73056, zgc:112994.2, rbm4l, fb33d01, wu:fd59b07, NSFL1C, zgc:103434, zgc:112352, ZNF346, si:ch211-258l4.7, cadpsb.1, GLRX3, SMAP1, zgc:92607, BCAM, CPNE1, PCBP3, wu:fj60e01, gatd3a, slc4a4a.1, rars, ACAT2, fc18h11, ATG7, ME1, SOD2, PHLPP2, zgc:153275, CK, RHOT1, C6orf58, si:dkey-56f14.4, SLC4A10, zgc:56176, wu:fb58f07, DNM1, H1-1, ncam1a.2, ECHS1, si:ch211-162k9.5, SLC6A1, grb2, PCBP1, DLAT, PKM, dnm1a.2, TXNL1, tnikb.1, PLXNA4, TAAR6, CAMKV, LOC101886684, zK13A21.2, CADPS, im:7045267, cadpsb.2, CSTF2, RAB7A, PKM, si:ch73-6k16.1, FH, MICOS13, KAT6A, OGDH, CKMT2, UQCR10, fubp1.1, NLGN2, si:ch211-250m6.1, PPP2R1B, TAOK1, MAG, THBS2, LOC795173, CHMP5, ACADS, HSPE1, CIT, GAD1, ALDH5A1, zgc:103438.1, OTUB1, MYL6, MECR, zgc:103663, sb:cb425, wu:fb95e09, HSD17B4, zgc:110585, zgc:92116, ARID4B, NDRG1, wu:fa93h05, PPP2CA, zgc:153390, OXR1, PRUNE1, HUWE1, RAB5A, INPP4A, SYNE2, CELF2, GPAA1, GPHN, si:dkey-110p14.2, OXR1, zgc:65842, CAMKV, tln1.1, PFN2, zgc:112265, DNM3, PRPF40A, si:ch211-147c1.2, INPP1, LOC101886386, caskin1.1, SLC25A18, ILF2, zgc:152801, ADD2, zgc:91952, si:ch211-233h19.1, NBEA, GNB1L, zgc:92875, BANF1, oxr1a.1, MAG, gad1a.1, SH3BGRL, RAD23A, prxl2a, zgc:136908, zgc:171263, KCNA1, RPL23, wu:fb25h12, ppp3cc.1, si:rp71-68n21.9, zgc:100851, CCNY, SLC38A3, LOC101886975, MARK4, atp5j2, tmt2a, CHORDC1, zgc:100962, TAGLN, LOC103911781, sb:cb578, TPR, sept5b.1, NAMPT, RENBP, aldh5a1.1, NBEA, G6PD, zgc:92093, sept8b.1, SETDB1, wu:fi16g01, sly1, GNG4, NOP5/NOP58, cita.1, NCCRP1, zgc:63505, ca16c, zgc:92872, zgc:66343, RPL30, LOC103910030, wu:fj42a03, WDR7, TAOK2, zgc:56390, CYRIA, sept8a, cox4i1l, CPLX2, LOC103910528, GSTK1, zgc:92709, LOC110440162, WDR82, CFDP1, GLO1, si:dkey-242m13.1, TNPO1, ADCYAP1, sept8b, cdv3.2, FGF19, ARPC4, cplx2b.1, RPS24, zgc:110843, LOC101885266, COPS8, BTF3L4, zgc:101527, zgc:63976, zgc:136759, EIF3G, TCEA1, si:dkey-180p18.9, RPL10A, FKBP2, FDPS, JUP, ELFN1, PPIL3, LONP1, zgc:113267, CARS1, UBE2L3, KCNA2, zgc:112431, zgc:92888, PHF24, si:dz79f24.2, si:ch211-208d15.4, tpp2.1, wu:fl70d04, si:ch211-197g15.7, TEX264, ANKRD13D, zgc:158222, zgc:152998, MTAP, wu:fj17f09, UFM1, PNP, ADSL, zgc:153633, ahsa1l, RAP2A, LOC798483, si:ch211-214k9.2, NPC2, sb:cb121, RCAN1, CACNA2D2, PRSS51, fk35d04, zgc:110130, BRK1, TPP1, RPS17, XPNPEP1, zgc:101719, CD99L2",329
"list_brain_pval_CLN4_WT_DOWN","Brain_WT_CLN12","YWHAG, cadpsb.1, zgc:55485, atp[a]3B, wu:fa20d10, atp2b3b.2, NCAM1, ATP2B1, LTF, wu:fj35g11, OGDH, TNC, BSN, MBL2, sept7b, atp1a1l5, zgc:86635, SDHAF3, cadpsb.2, ank2b.5, ENO3, diras1, atp[a]1A2a, zgc:112318, zgc:153358, NUCKS1, gnal2.1, wu:fd59b07, atp2b1b.1, SDHB, aldh5a1.2, DNM2, atp1a1l2, im:7138781, HINT1, zgc:171927, im:7045267, LOC100149080, LCP1, ACAT1, ACLY, CDC5L, atp2b3b.1, YWHAE, cb927, LAMP, TTYH3, PMCA2, SYN1, dnaja2l, ME1, si:ch211-165e15.1.2, sept7a, dgkh.1, DAPK2, si:ch211-122i22.4, si:dkey-32e23.4, NDRG1, RAB1B, zgc:65844, PPP3R1, dnm1b.1, DNM3, MMP26, cb718, CDH2, si:ch211-98n17.5.1, KDM6B, NECTIN2, CAMKV, NDRG3, CHMP5, PGI, CYFIP2, HSPE1, ADISSP, BCAT1, zgc:153390, ba2, SCLY, zgc:91952, ckii, atp2b3a.2, gad1a.1, fb37h04, DBN1, sb:eu917, zgc:101007, si:dkey-183j2.10, zgc:65842, PPP3R1, MARCKSL1, si:ch211-234p6.12, zgc:153275, NCAM2, si:ch211-92l17.2, PLCB3, si:dkey-47k20.9, ZNF346, atp5f1, NME2, dnm1a.1, fc04h03.1, ATP2B1, gstp1, ank2b.2, ftr93, fm90e09, RPS15A, RAD23A, zgc:56637, FLNA, sb:cb425, si:dkey-238o13.4, tmt2a, CSTF2, wu:fj60e01, aak1b.1, PITPNA, wu:fb78a05, zgc:92872, HUWE1, hua, LOC797311, ATP2B1, dnm1a.3, im:7140733, AUTS2, atp6v0a1, SLC25A18, DNAJA2, cb523, HARS1, sept5b, SLC38A3, zgc:112352, TNIK, add2.1, si:dkey-85k7.11, ENO3, si:ch73-250d21.2, CTSD, CPNE1, dnm1a.2, GNB1L, dnm1a.4, PKM, UQCR10, RAB7A, RHOT1, pam.1, zgc:100851, rap1a, wu:fi16g01, BASP1, SERHL, SIGLEC14, COPB1, DNM1, SH3GL1, zgc:112994.3, wu:fc21f08, LOC100148920, si:dkey-12h9.4, RPH3A, FDXR, ALDH5A1, ADCK5, DNM1, fb33d01, PRUNE1, gpt2l, YBX1, ncam1a.2, DNM1, LOC100000597, zgc:86939, IT-NP, MAG, OGDH, atp5j2, epb41l3a.1, ATP2B2, C6orf58, CD58, cb572, MYBPH, zgc:152801, wu:fi04h11, EIF4A3, EPHX2, HNRNPH1, HBE1, RAB5A, SYNE2, PKM, SLC6A12, ANK1, zgc:86647, MDH1, zgc:92191, MDS026, SHANK3, OXR1, PRKAR2A, Zwnt[a], GPHN, oxr1a.1, PPP2R1B, GAD1, zgc:175180, NCCRP1, PRPS1, TAOK1, zgc:73056, cita.1, si:ch211-147c1.2, RPS28, MDH1, MTPN, aldh5a1.1, zgc:86714, MAG, zgc:65951, WDR7, KBTBD11, RENBP, wu:fb11c10, zgc:100962, FH, zgc:110551, zgc:63505, DHTKD1, GPX4, INPP4A, mdh1a, DOCK1, ppp3cc.1, TAGLN, ADD2, GNG4, NBEA, NBEA, DNAJC5, sept5b.1, si:ch73-6k16.1, zgc:103663, wu:fb58a11, sept7b.1, CPLX2, wu:fa93h05, DLAT, zgc:55622, si:rp71-68n21.9, fc26e12, si:zc14a17.2, RPL30, zgc:92716, zgc:171263, sly1, XPO1, PTMA, zgc:92093, KCNA1, samm50b, RPL23, BANF1, ECHS1, wu:fb25h12, SH3BGRL, PSME2, NAMPT, caskin1.1, si:dkey-110p14.2, TPR, CTBP1, SLC4A10, NOP5/NOP58, zcchc11, zgc:110302, sb:cb578, G6PD, GPAA1, sept7a.1, zgc:66343, PPP3CC, PSMB7, SETDB1, SLC6A1, zgc:112265, zgc:92709, zgc:56390, MECR, wu:fb95e09, wu:fj78b11, TAOK2, ca16c, GSTK1, PPP2CA, ATG7, CYRIA, LOC103910528, ARPC4, TNPO1, sept8a, ZNF687, LOC110440162, WDR82, sept8b, CAMKV, PHF24, zgc:92888, FGF19, cplx2b.1, tpp2.1, GLO1, COPS8, BTF3L4, si:ch211-208d15.4, wu:fl70d04, zgc:136759, EIF3G, si:dkey-180p18.9, RPL10A, FDPS, JUP, LONP1, zgc:113267, CARS1, zgc:153267, MTAP, PSMC3, RTN4, GPR153, zgc:110843, si:dz79f24.2, MYL11, ADCYAP1, cyldl, RPS24, cdv3.2, LOC101885266, zgc:101527, TCEA1, FKBP2, zgc:63976, ANKRD13D, ELFN1, KCNA2, zgc:152998, UBE2L3, si:ch211-243j20.2, cox4i1l, zgc:112431, wu:fj17f09, UFM1, PNP, ZDHHC20, ADSL, zgc:153633, ahsa1l, TEX264, si:ch211-197g15.7, RAP2A, si:ch211-214k9.2, NPC2, sb:cb121, RCAN1, CACNA2D2, PRSS51, fk35d04, zgc:110130, BRK1, TPP1, RPS17, XPNPEP1, zgc:101719, CD99L2",378
"list_brain_pval_CLN4_WT_DOWN","CLN4_WT_L115R","ESPN, GABBR2, AMPH, RPL18, ADD2, GPM6A, SLC3A2, ANXA11, CPLX2, RPL19, CNDP2, CPED1, ADRM1, SYNGAP1, GIT1, TNR, PDHA2, GNG2, SLC8A2, SYNPR, PGM3, HNRNPUL2, SFXN3, KRT17, MARCKSL1, SERPINA3H, WARS1, BRSK2, HADH, NRIP3, PPIB, PPP1R7, POLR1D, PCDHGC5, PPM1A, SLK, KARS1, PHKA1, PLEKHB1, BRCA1, NNT, Q9D2K6, GRIN3A, ABL2, NDUFB9, PAFAH1B2, A0A0A0UEG7, WASHC2, EPHA4, ENPP6, LRRTM1, OPA3, CAPRIN1, DDX1, DNAJC5, BRK1",56
"list_brain_pval_CLN4_WT_DOWN","CLN4_WT_L116","ARHGEF12, PRKCG, SYNPR, CHGA, SYNGAP1, CGN, ALDH1L1, TSNAXIP1, PSMA7, MYH9, TIMM13, PPM1A, NUP93, EIF2S1, NPTXR, RAB11A, RIMS4, RUNDC3B, BRD2, ATP8A1, ATP5ME, DNAJC10, TMEM30A, MYO5A, POR, AAK1, LUC7L2, MTPN, Q9D2K6, BAMBI, RGL2, PIP5K1C, WASHC2, PLPBP, VAC14, PSMB2, SRM, S100A6, NKX1-1, CCDC6, APLP1, PPME1, PCBP4, VPS35, PIP4K2C, HEPACAM, AREG, DNAJB11, KPNA4, PALS2, BRK1, ADK, DNAJC5, TMEM67, PAFAH1B2, A0A0A0UEG7, CHCHD6, HSD17B4, HAPLN2, SLC8A1",60
"list_brain_pval_CLN4_WT_DOWN","Brain_WT_CLN3_Lux1_AND_Brain_WT_CLN3_Lux2","CD99L2, tmt2a, UFM1, PKM, LONP1, ALDH5A1, TAOK1, MDH1, GAD1, PPP3CC, SETDB1, TPP1, ca16c, DNM1, CPNE1, zgc:110130, OGDH, NBEA, ANKRD13D, ncam1a.2, si:ch211-197g15.7, si:ch73-6k16.1, TAOK2, LOC103910528, ADCK5, CAMKV, CACNA2D2, LOC103911781, G6PD, RHOT1, cadpsb.2, dnm1a.1, ADD2, WDR7, zgc:112265, dnm1b.1, MECR, GPHN, RCAN1, OXR1, NPC2, DNM3, oxr1a.1, dnm1a.2, JUP, PNP, RPS24, GNG4, dnm1a.3, caskin1.1, atp2b3a.2, cita.1, gad1a.1, BTF3L4, dnm1a.4, SLC4A10, ATG7, sept8b, INPP1, TNPO1, YWHAG, UBE2L3, ZNF346, zgc:171263, ppp3cc.1, fk35d04, CFDP1, aldh5a1.1, sb:cb578, C6orf58, SLC38A3, PPP2R1B, CK, BRK1, FKBP2, wu:fb25h12, SYP, RENBP, si:ch211-208d15.4, RAP2A, PRSS51, NAMPT, KCNA1, CARS1, si:rp71-68n21.9, ELFN1, MAG, SLC6A1, zgc:56390, ADSL, si:ch211-214k9.2, cox4i1l, DLAT, atp5j2, ATP2B1, THBS2, zgc:152801, zgc:153633, zgc:152998, zgc:136759, si:dkey-180p18.9, si:dkey-242m13.1, zgc:136908, RAD23A, zgc:112352, FDPS, si:zc14a17.2, zgc:112431, gatd3a, NCCRP1, zgc:110843, zgc:113267, RPS17, wu:fl70d04, si:dkey-12h9.4, si:ch211-147c1.2, zgc:103663, zgc:101719, zgc:101527, sept8a, HINT1, zgc:92093, wu:fb95e09, NDRG1, ACAT1, sept5b.1, zgc:100851, CYRIA, zgc:100962, zgc:92872, si:dkey-110p14.2, GSTK1, zgc:92709, EIF3G, zgc:91952, ENO3, sb:cb121, wu:fj17f09, wu:fa20d10, ILF2, ARPC4, TEX264, XPNPEP1, GLO1, NOP5/NOP58, RPL23, RPL10A, zgc:73056, TAGLN, zgc:66343, FH, ahsa1l, zgc:63505, SH3BGRL, RAB7A, cdv3.2, zgc:63976, TCEA1, mdh1a, sb:cb425, RPL30, RAB5A, wu:fd59b07, zgc:56176, im:7153900, wu:fi16g01, wu:fi04h11, ECHS1, GNB1L, wu:fc21f08, sly1, ADCYAP1, atp[a]1A2a, tpp2.1",174
"list_brain_pval_CLN4_WT_DOWN","Brain_WT_CLN3_Lux1_AND_Brain_WT_CLN12","CD99L2, tmt2a, UFM1, PKM, LONP1, ALDH5A1, TAOK1, MDH1, GPX4, si:dkey-183j2.10, GAD1, PPP3CC, SETDB1, TPP1, ca16c, DNM1, PSMC3, CPNE1, zgc:110130, OGDH, CTBP1, NBEA, ANKRD13D, ncam1a.2, si:ch211-197g15.7, si:ch73-6k16.1, TAOK2, sept7b.1, LOC103910528, ADCK5, CAMKV, CACNA2D2, aak1b.1, G6PD, RHOT1, cadpsb.2, dnm1a.1, ADD2, PRPS1, SHANK3, gnal2.1, WDR7, zgc:112265, NECTIN2, dnm1b.1, MECR, GPHN, RCAN1, OXR1, ANK1, NPC2, DNM3, oxr1a.1, dnm1a.2, JUP, FLNA, PNP, RPS24, GNG4, dnm1a.3, caskin1.1, atp2b3a.2, cita.1, CD58, gad1a.1, BTF3L4, dnm1a.4, SLC4A10, ATG7, GPR153, sept8b, TNPO1, YWHAG, cb572, UBE2L3, ZNF346, zgc:171263, ppp3cc.1, fk35d04, aldh5a1.1, sb:cb578, C6orf58, SLC38A3, PPP2R1B, BRK1, FKBP2, wu:fb25h12, RENBP, si:ch211-208d15.4, EIF4A3, HBE1, XPO1, RAP2A, cyldl, PRSS51, NAMPT, KCNA1, CARS1, si:rp71-68n21.9, ELFN1, zgc:55622, MAG, add2.1, SLC6A1, zgc:56390, ADSL, si:ch211-214k9.2, cox4i1l, DLAT, atp5j2, ATP2B1, zgc:152801, PRKAR2A, zgc:153633, zgc:152998, zgc:136759, si:dkey-180p18.9, BASP1, RAD23A, RTN4, zgc:112352, wu:fj35g11, FDPS, sept7a.1, zgc:112318, si:zc14a17.2, zgc:112431, NCCRP1, zgc:110843, zgc:113267, RPS17, cb718, wu:fl70d04, im:7138781, cb523, si:dkey-12h9.4, si:ch211-147c1.2, zgc:103663, zgc:101719, atp5f1, zgc:101527, sept8a, HINT1, zgc:92093, wu:fb95e09, NDRG1, ACAT1, sept5b.1, zgc:100851, CYRIA, zgc:100962, ACLY, zgc:92872, si:dkey-110p14.2, GSTK1, zgc:92716, zgc:92709, EIF3G, zgc:91952, ENO3, zgc:86714, sb:cb121, wu:fj17f09, wu:fa20d10, ARPC4, TEX264, XPNPEP1, atp[a]3B, GLO1, NOP5/NOP58, RPL23, RPL10A, zgc:73056, TAGLN, zgc:66343, FH, ahsa1l, zgc:63505, SH3BGRL, RAB7A, cdv3.2, zgc:63976, TCEA1, mdh1a, RAB1B, sb:cb425, RPL30, DNAJA2, RAB5A, wu:fd59b07, wu:fi16g01, wu:fi04h11, YWHAE, zgc:56637, ECHS1, CDC5L, GNB1L, diras1, wu:fc21f08, sly1, CTSD, ba2, ADCYAP1, atp1a1l5, atp[a]1A2a, atp1a1l2, tpp2.1",207
"list_brain_pval_CLN4_WT_DOWN","Brain_WT_CLN3_Lux1_AND_CLN4_WT_L115R","ADD2, BRK1",2
"list_brain_pval_CLN4_WT_DOWN","Brain_WT_CLN3_Lux1_AND_CLN4_WT_L116","BRK1",1
"list_brain_pval_CLN4_WT_DOWN","Brain_WT_CLN3_Lux2_AND_Brain_WT_CLN12","dnm1a.1, si:ch211-165e15.1.2, YWHAG, ACAT1, atp6v0a1, MDH1, atp2b3a.2, LOC100000597, MARCKSL1, gstp1, ADCK5, atp[a]1A2a, HINT1, DNM1, dnm1a.4, mdh1a, zgc:65844, ank2b.2, wu:fa20d10, ATP2B1, BSN, wu:fc21f08, FDXR, PPP3CC, LAMP, si:dkey-12h9.4, ENO3, dnm1a.3, dnm1b.1, PSME2, AUTS2, samm50b, LOC797311, si:zc14a17.2, PLCB3, wu:fi04h11, PPP3R1, zgc:73056, fb33d01, wu:fd59b07, zgc:112352, ZNF346, cadpsb.1, CPNE1, wu:fj60e01, ATG7, ME1, zgc:153275, RHOT1, C6orf58, SLC4A10, ncam1a.2, ECHS1, SLC6A1, DLAT, PKM, dnm1a.2, CAMKV, im:7045267, cadpsb.2, CSTF2, RAB7A, si:ch73-6k16.1, FH, OGDH, UQCR10, PPP2R1B, TAOK1, MAG, CHMP5, HSPE1, GAD1, ALDH5A1, MECR, zgc:103663, sb:cb425, wu:fb95e09, NDRG1, wu:fa93h05, PPP2CA, zgc:153390, OXR1, PRUNE1, HUWE1, RAB5A, INPP4A, SYNE2, GPAA1, GPHN, si:dkey-110p14.2, zgc:65842, zgc:112265, DNM3, si:ch211-147c1.2, caskin1.1, SLC25A18, zgc:152801, ADD2, zgc:91952, NBEA, GNB1L, BANF1, oxr1a.1, gad1a.1, SH3BGRL, RAD23A, zgc:171263, KCNA1, RPL23, wu:fb25h12, ppp3cc.1, si:rp71-68n21.9, zgc:100851, SLC38A3, atp5j2, tmt2a, zgc:100962, TAGLN, sb:cb578, TPR, sept5b.1, NAMPT, RENBP, aldh5a1.1, G6PD, zgc:92093, SETDB1, wu:fi16g01, sly1, GNG4, NOP5/NOP58, cita.1, NCCRP1, zgc:63505, ca16c, zgc:92872, zgc:66343, RPL30, WDR7, TAOK2, zgc:56390, CYRIA, sept8a, cox4i1l, CPLX2, LOC103910528, GSTK1, zgc:92709, LOC110440162, WDR82, GLO1, TNPO1, ADCYAP1, sept8b, cdv3.2, FGF19, ARPC4, cplx2b.1, RPS24, zgc:110843, LOC101885266, COPS8, BTF3L4, zgc:101527, zgc:63976, zgc:136759, EIF3G, TCEA1, si:dkey-180p18.9, RPL10A, FKBP2, FDPS, JUP, ELFN1, LONP1, zgc:113267, CARS1, UBE2L3, KCNA2, zgc:112431, zgc:92888, PHF24, si:dz79f24.2, si:ch211-208d15.4, tpp2.1, wu:fl70d04, si:ch211-197g15.7, TEX264, ANKRD13D, zgc:152998, MTAP, wu:fj17f09, UFM1, PNP, ADSL, zgc:153633, ahsa1l, RAP2A, si:ch211-214k9.2, NPC2, sb:cb121, RCAN1, CACNA2D2, PRSS51, fk35d04, zgc:110130, BRK1, TPP1, RPS17, XPNPEP1, zgc:101719, CD99L2",212
"list_brain_pval_CLN4_WT_DOWN","Brain_WT_CLN3_Lux2_AND_CLN4_WT_L115R","MARCKSL1, ADD2, CPLX2, BRK1",4
"list_brain_pval_CLN4_WT_DOWN","Brain_WT_CLN3_Lux2_AND_CLN4_WT_L116","CHCHD6, HSD17B4, BRK1",3
"list_brain_pval_CLN4_WT_DOWN","Brain_WT_CLN12_AND_CLN4_WT_L115R","MARCKSL1, ADD2, DNAJC5, CPLX2, BRK1",5
"list_brain_pval_CLN4_WT_DOWN","Brain_WT_CLN12_AND_CLN4_WT_L116","MTPN, DNAJC5, BRK1",3
"list_brain_pval_CLN4_WT_DOWN","CLN4_WT_L115R_AND_CLN4_WT_L116","SYNGAP1, SYNPR, PPM1A, Q9D2K6, PAFAH1B2, A0A0A0UEG7, WASHC2, DNAJC5, BRK1",9
"list_brain_pval_CLN4_WT_DOWN","Brain_WT_CLN3_Lux1_AND_Brain_WT_CLN3_Lux2_AND_Brain_WT_CLN12","CD99L2, tmt2a, UFM1, PKM, LONP1, ALDH5A1, TAOK1, MDH1, GAD1, PPP3CC, SETDB1, TPP1, ca16c, DNM1, CPNE1, zgc:110130, OGDH, NBEA, ANKRD13D, ncam1a.2, si:ch211-197g15.7, si:ch73-6k16.1, TAOK2, LOC103910528, ADCK5, CAMKV, CACNA2D2, G6PD, RHOT1, cadpsb.2, dnm1a.1, ADD2, WDR7, zgc:112265, dnm1b.1, MECR, GPHN, RCAN1, OXR1, NPC2, DNM3, oxr1a.1, dnm1a.2, JUP, PNP, RPS24, GNG4, dnm1a.3, caskin1.1, atp2b3a.2, cita.1, gad1a.1, BTF3L4, dnm1a.4, SLC4A10, ATG7, sept8b, TNPO1, YWHAG, UBE2L3, ZNF346, zgc:171263, ppp3cc.1, fk35d04, aldh5a1.1, sb:cb578, C6orf58, SLC38A3, PPP2R1B, BRK1, FKBP2, wu:fb25h12, RENBP, si:ch211-208d15.4, RAP2A, PRSS51, NAMPT, KCNA1, CARS1, si:rp71-68n21.9, ELFN1, MAG, SLC6A1, zgc:56390, ADSL, si:ch211-214k9.2, cox4i1l, DLAT, atp5j2, ATP2B1, zgc:152801, zgc:153633, zgc:152998, zgc:136759, si:dkey-180p18.9, RAD23A, zgc:112352, FDPS, si:zc14a17.2, zgc:112431, NCCRP1, zgc:110843, zgc:113267, RPS17, wu:fl70d04, si:dkey-12h9.4, si:ch211-147c1.2, zgc:103663, zgc:101719, zgc:101527, sept8a, HINT1, zgc:92093, wu:fb95e09, NDRG1, ACAT1, sept5b.1, zgc:100851, CYRIA, zgc:100962, zgc:92872, si:dkey-110p14.2, GSTK1, zgc:92709, EIF3G, zgc:91952, ENO3, sb:cb121, wu:fj17f09, wu:fa20d10, ARPC4, TEX264, XPNPEP1, GLO1, NOP5/NOP58, RPL23, RPL10A, zgc:73056, TAGLN, zgc:66343, FH, ahsa1l, zgc:63505, SH3BGRL, RAB7A, cdv3.2, zgc:63976, TCEA1, mdh1a, sb:cb425, RPL30, RAB5A, wu:fd59b07, wu:fi16g01, wu:fi04h11, ECHS1, GNB1L, wu:fc21f08, sly1, ADCYAP1, atp[a]1A2a, tpp2.1",162
"list_brain_pval_CLN4_WT_DOWN","Brain_WT_CLN3_Lux1_AND_Brain_WT_CLN3_Lux2_AND_CLN4_WT_L115R","ADD2, BRK1",2
"list_brain_pval_CLN4_WT_DOWN","Brain_WT_CLN3_Lux1_AND_Brain_WT_CLN3_Lux2_AND_CLN4_WT_L116","BRK1",1
"list_brain_pval_CLN4_WT_DOWN","Brain_WT_CLN3_Lux1_AND_Brain_WT_CLN12_AND_CLN4_WT_L115R","ADD2, BRK1",2
"list_brain_pval_CLN4_WT_DOWN","Brain_WT_CLN3_Lux1_AND_Brain_WT_CLN12_AND_CLN4_WT_L116","BRK1",1
"list_brain_pval_CLN4_WT_DOWN","Brain_WT_CLN3_Lux1_AND_CLN4_WT_L115R_AND_CLN4_WT_L116","BRK1",1
"list_brain_pval_CLN4_WT_DOWN","Brain_WT_CLN3_Lux2_AND_Brain_WT_CLN12_AND_CLN4_WT_L115R","MARCKSL1, ADD2, CPLX2, BRK1",4
"list_brain_pval_CLN4_WT_DOWN","Brain_WT_CLN3_Lux2_AND_Brain_WT_CLN12_AND_CLN4_WT_L116","BRK1",1
"list_brain_pval_CLN4_WT_DOWN","Brain_WT_CLN3_Lux2_AND_CLN4_WT_L115R_AND_CLN4_WT_L116","BRK1",1
"list_brain_pval_CLN4_WT_DOWN","Brain_WT_CLN12_AND_CLN4_WT_L115R_AND_CLN4_WT_L116","DNAJC5, BRK1",2
"list_brain_pval_CLN4_WT_DOWN","Brain_WT_CLN3_Lux1_AND_Brain_WT_CLN3_Lux2_AND_Brain_WT_CLN12_AND_CLN4_WT_L115R","ADD2, BRK1",2
"list_brain_pval_CLN4_WT_DOWN","Brain_WT_CLN3_Lux1_AND_Brain_WT_CLN3_Lux2_AND_Brain_WT_CLN12_AND_CLN4_WT_L116","BRK1",1
"list_brain_pval_CLN4_WT_DOWN","Brain_WT_CLN3_Lux1_AND_Brain_WT_CLN3_Lux2_AND_CLN4_WT_L115R_AND_CLN4_WT_L116","BRK1",1
"list_brain_pval_CLN4_WT_DOWN","Brain_WT_CLN3_Lux1_AND_Brain_WT_CLN12_AND_CLN4_WT_L115R_AND_CLN4_WT_L116","BRK1",1
"list_brain_pval_CLN4_WT_DOWN","Brain_WT_CLN3_Lux2_AND_Brain_WT_CLN12_AND_CLN4_WT_L115R_AND_CLN4_WT_L116","BRK1",1
"list_brain_pval_CLN4_WT_DOWN","Brain_WT_CLN3_Lux1_AND_Brain_WT_CLN3_Lux2_AND_Brain_WT_CLN12_AND_CLN4_WT_L115R_AND_CLN4_WT_L116","BRK1",1
